Score,GDPperCapita,Family,LifeExpectancy,Freedom,NoCorruption,Generosity,DystopiaResidual,HappinessIndicator
7.587,1.397,1.35,0.941,0.666,0.42,0.297,2.517,1
7.561,1.302,1.402,0.948,0.629,0.141,0.436,2.702,1
7.527,1.325,1.361,0.875,0.649,0.484,0.341,2.492,1
7.522,1.459,1.331,0.885,0.67,0.365,0.347,2.465,1
7.427,1.326,1.323,0.906,0.633,0.33,0.458,2.452,1
7.406,1.29,1.318,0.889,0.642,0.414,0.234,2.62,1
7.378,1.329,1.28,0.893,0.616,0.318,0.476,2.466,1
7.364,1.332,1.289,0.911,0.66,0.438,0.363,2.371,1
7.286,1.25,1.32,0.908,0.639,0.429,0.475,2.264,1
7.284,1.334,1.309,0.932,0.651,0.356,0.436,2.266,1
7.278,1.229,1.224,0.914,0.413,0.078,0.332,3.089,1
7.226,0.956,1.238,0.86,0.634,0.106,0.255,3.177,1
7.2,1.337,1.297,0.89,0.624,0.187,0.331,2.533,1
7.187,1.021,0.915,0.814,0.482,0.213,0.141,3.602,1
7.119,1.395,1.247,0.862,0.546,0.159,0.401,2.51,1
6.983,0.981,1.233,0.697,0.49,0.175,0.146,3.26,1
6.946,1.564,1.22,0.919,0.616,0.378,0.28,1.97,1
6.94,1.336,1.369,0.895,0.618,0.287,0.459,1.976,1
6.937,1.308,1.286,0.897,0.585,0.225,0.223,2.415,1
6.901,1.427,1.126,0.809,0.642,0.386,0.264,2.247,1
6.867,1.266,1.285,0.909,0.596,0.321,0.519,1.97,1
6.853,1.36,1.082,0.763,0.633,0.325,0.215,2.475,1
6.81,1.044,1.256,0.721,0.429,0.111,0.058,3.191,1
6.798,1.522,1.02,1.025,0.543,0.492,0.311,1.885,1
6.786,1.064,1.199,0.797,0.542,0.093,0.244,2.848,1
6.75,1.328,1.299,0.892,0.615,0.218,0.282,2.116,1
6.67,1.107,1.124,0.859,0.441,0.129,0.334,2.676,1
6.611,1.69,1.079,0.797,0.64,0.522,0.326,1.557,1
6.575,1.278,1.26,0.946,0.55,0.206,0.123,2.211,1
6.574,1.054,1.248,0.787,0.45,0.085,0.115,2.836,1
6.505,1.179,1.206,0.845,0.464,0.027,0.107,2.678,1
6.485,1.062,1.209,0.812,0.604,0.246,0.232,2.321,1
6.477,0.919,1.24,0.691,0.535,0.051,0.184,2.857,1
6.455,0.967,1.265,0.739,0.557,0.032,0.576,2.319,1
6.411,1.395,1.084,0.72,0.31,0.325,0.137,2.439,1
6.329,1.23,1.314,0.956,0.46,0.064,0.182,2.124,1
6.302,1.207,1.302,0.887,0.604,0.136,0.518,1.649,1
6.298,1.291,1.076,0.875,0.397,0.081,0.254,2.323,1
6.295,1.554,1.166,0.725,0.555,0.256,0.162,1.876,1
6.269,0.995,0.972,0.608,0.597,0.136,0.17,2.791,1
6.168,1.212,1.184,0.615,0.559,0.011,0.318,2.269,1
6.13,0.765,1.025,0.677,0.404,0.118,0.107,3.035,1
6.123,0.746,1.044,0.644,0.577,0.095,0.275,2.743,1
6.003,0.632,1.34,0.598,0.658,0.308,0.228,2.237,1
5.995,1.169,1.27,0.789,0.318,0.034,0.169,2.246,1
5.987,1.271,1.257,0.991,0.496,0.181,0.107,1.684,1
5.984,1.245,0.958,0.965,0.332,0.079,0.186,2.22,1
5.975,0.864,0.999,0.791,0.486,0.181,0.115,2.539,1
5.96,1.324,1.216,0.747,0.455,0.306,0.174,1.738,1
5.948,1.251,1.198,0.954,0.262,0.029,0.228,2.025,1
5.89,0.681,0.978,0.539,0.574,0.088,0.205,2.823,1
5.889,0.594,1.015,0.618,0.328,0.016,0.21,3.107,1
5.878,0.76,1.305,0.661,0.539,0.082,0.342,2.189,1
5.855,1.123,1.122,0.644,0.516,0.085,0.118,2.247,1
5.848,1.185,1.274,0.873,0.609,0.038,0.253,1.616,1
5.833,1.147,1.257,0.731,0.213,0.01,0.026,2.446,1
5.828,0.593,1.142,0.743,0.555,0.193,0.278,2.324,1
5.824,0.9,0.975,0.73,0.415,0.06,0.15,2.595,1
5.813,1.032,1.233,0.736,0.379,0.191,0.11,2.131,1
5.791,1.126,1.279,0.779,0.531,0.042,0.168,1.866,1
5.77,1.125,1.07,0.724,0.53,0.105,0.331,1.885,1
5.759,1.083,0.796,0.788,0.259,0.024,0.054,2.754,1
5.754,1.131,1.119,0.704,0.417,0.11,0.183,2.091,1
5.716,1.138,1.236,0.669,0.367,0.03,0.002,2.274,1
5.709,0.81,1.151,0.687,0.504,0.023,0.212,2.32,1
5.695,1.208,1.07,0.924,0.49,0.143,0.262,1.599,1
5.689,1.208,0.893,0.924,0.407,0.061,0.306,1.889,1
5.605,0.939,1.078,0.618,0.286,0.174,0.078,2.432,1
5.589,0.801,0.812,0.631,0.247,0.047,0.283,2.766,1
5.548,0.958,1.227,0.539,0.476,0.308,0.17,1.87,1
5.477,1.008,0.985,0.71,0.561,0.075,0.377,1.761,1
5.474,1.386,1.058,1.013,0.596,0.371,0.395,0.654,1
5.429,1.152,1.228,0.774,0.449,0.152,0.087,1.588,0
5.399,0.828,1.087,0.638,0.466,0.0,0.515,1.864,0
5.36,0.632,0.912,0.747,0.594,0.104,0.169,2.202,0
5.332,1.061,0.946,0.732,0.228,0.157,0.123,2.085,0
5.286,0.474,1.151,0.651,0.435,0.042,0.3,2.233,0
5.268,0.654,0.904,0.16,0.343,0.04,0.272,2.893,0
5.253,0.77,1.104,0.574,0.532,0.154,0.48,1.638,0
5.212,1.024,0.938,0.64,0.37,0.161,0.078,2.001,0
5.194,0.595,0.414,0.515,0.121,0.105,0.337,3.107,0
5.192,0.902,1.054,0.696,0.407,0.143,0.111,1.88,0
5.192,0.974,0.906,0.725,0.183,0.143,0.161,2.1,0
5.14,0.89,0.947,0.817,0.517,0.028,0.082,1.86,0
5.129,0.47,0.916,0.299,0.488,0.125,0.196,2.634,0
5.124,1.043,0.886,0.769,0.351,0.006,0.137,1.931,0
5.123,0.921,1.01,0.748,0.201,0.026,0.192,2.025,0
5.102,1.16,1.139,0.875,0.515,0.011,0.137,1.265,0
5.098,1.113,1.096,0.724,0.297,0.063,0.182,1.622,0
5.073,0.705,1.035,0.581,0.625,0.123,0.25,1.754,0
5.057,0.188,0.952,0.439,0.466,0.399,0.503,2.11,0
5.013,0.735,0.641,0.61,0.417,0.085,0.072,2.454,0
5.007,0.919,1.002,0.735,0.335,0.053,0.224,1.739,0
4.971,0.083,1.026,0.091,0.34,0.156,0.223,3.051,0
4.959,0.879,0.804,0.813,0.357,0.064,0.143,1.899,0
4.949,0.832,0.919,0.791,0.092,0.002,0.248,2.064,0
4.898,0.375,1.041,0.076,0.318,0.125,0.164,2.798,0
4.885,0.895,1.172,0.668,0.577,0.142,0.217,1.213,0
4.876,0.591,0.738,0.549,0.596,0.242,0.422,1.738,0
4.874,0.828,1.301,0.603,0.436,0.027,0.332,1.348,0
4.867,0.712,1.073,0.076,0.307,0.031,0.183,2.487,0
4.857,1.154,0.929,0.882,0.077,0.014,0.0,1.801,0
4.839,1.026,0.8,0.839,0.339,0.046,0.219,1.571,0
4.8,1.121,1.202,0.759,0.321,0.028,0.128,1.241,0
4.788,0.595,0.953,0.695,0.401,0.068,0.23,1.844,0
4.786,0.39,0.856,0.574,0.472,0.151,0.23,2.114,0
4.739,0.881,0.604,0.738,0.263,0.064,0.064,2.125,0
4.715,0.599,0.926,0.66,0.245,0.129,0.113,2.044,0
4.694,0.398,0.431,0.602,0.408,0.126,0.212,2.518,0
4.686,1.009,0.544,0.698,0.3,0.059,0.381,1.694,0
4.681,0.799,1.203,0.674,0.251,0.03,0.153,1.571,0
4.677,0.985,0.819,0.602,0.0,0.138,0.179,1.953,0
4.642,0.92,1.185,0.277,0.332,0.089,0.12,1.72,0
4.633,0.546,0.68,0.401,0.423,0.044,0.231,2.309,0
4.61,0.271,1.033,0.335,0.259,0.081,0.19,2.442,0
4.571,0.071,0.79,0.342,0.285,0.062,0.244,2.777,0
4.565,0.645,0.382,0.515,0.398,0.085,0.265,2.275,0
4.55,0.521,1.014,0.369,0.101,0.147,0.191,2.209,0
4.518,0.267,0.743,0.388,0.244,0.172,0.462,2.242,0
4.517,0.0,1.001,0.098,0.226,0.076,0.248,2.867,0
4.514,0.36,0.864,0.569,0.383,0.059,0.323,1.956,0
4.512,0.191,0.604,0.441,0.435,0.15,0.243,2.449,0
4.507,0.33,0.956,0.0,0.408,0.088,0.215,2.51,0
4.436,0.454,0.869,0.359,0.242,0.175,0.219,2.118,0
4.419,0.365,0.999,0.414,0.422,0.058,0.375,1.786,0
4.369,0.44,0.592,0.363,0.461,0.281,0.181,2.051,0
4.35,0.768,0.777,0.73,0.198,0.039,0.079,1.759,0
4.332,0.994,1.105,0.048,0.495,0.125,0.105,1.462,0
4.307,0.271,0.709,0.482,0.44,0.19,0.796,1.418,0
4.297,0.742,0.386,0.729,0.406,0.383,0.055,1.595,0
4.292,0.016,0.411,0.226,0.431,0.07,0.331,2.808,0
4.271,0.835,1.019,0.708,0.537,0.092,0.408,0.671,0
4.252,0.423,0.888,0.234,0.493,0.058,0.206,1.951,0
4.218,1.012,1.106,0.766,0.306,0.009,0.119,0.9,0
4.194,0.882,0.747,0.617,0.173,0.063,0.113,1.599,0
4.077,0.546,0.681,0.401,0.356,0.079,0.091,1.923,0
4.033,0.758,0.86,0.167,0.104,0.071,0.123,1.949,0
3.995,0.261,1.035,0.206,0.389,0.124,0.188,1.793,0
3.989,0.679,0.663,0.311,0.415,0.117,0.124,1.681,0
3.956,0.239,0.793,0.363,0.229,0.199,0.174,1.958,0
3.931,0.211,1.133,0.339,0.457,0.073,0.291,1.428,0
3.904,0.365,0.976,0.435,0.368,0.107,0.208,1.444,0
3.896,1.06,0.905,0.434,0.319,0.111,0.068,0.999,0
3.845,0.069,0.773,0.297,0.477,0.156,0.194,1.879,0
3.819,0.46,0.627,0.611,0.662,0.072,0.404,0.982,0
3.781,0.285,1.003,0.382,0.329,0.057,0.344,1.381,0
3.681,0.208,0.668,0.467,0.192,0.081,0.213,1.851,0
3.678,0.079,0.0,0.067,0.489,0.083,0.238,2.722,0
3.667,0.342,0.761,0.15,0.235,0.053,0.184,1.943,0
3.656,0.174,0.465,0.24,0.377,0.121,0.287,1.992,0
3.655,0.465,0.771,0.152,0.469,0.179,0.202,1.417,0
3.587,0.258,0.852,0.271,0.395,0.128,0.217,1.465,0
3.575,0.32,0.303,0.303,0.234,0.097,0.365,1.952,0
3.465,0.222,0.774,0.429,0.592,0.552,0.226,0.67,0
3.34,0.287,0.354,0.319,0.485,0.08,0.183,1.633,0
3.006,0.663,0.475,0.722,0.157,0.189,0.472,0.329,0
2.905,0.015,0.416,0.224,0.119,0.101,0.197,1.833,0
2.839,0.209,0.14,0.284,0.365,0.107,0.167,1.567,0
7.526,1.442,1.164,0.795,0.579,0.445,0.362,2.739,1
7.509,1.527,1.145,0.863,0.586,0.412,0.281,2.695,1
7.501,1.427,1.183,0.867,0.566,0.15,0.477,2.831,1
7.498,1.577,1.127,0.796,0.596,0.358,0.379,2.665,1
7.413,1.406,1.135,0.811,0.571,0.41,0.255,2.826,1
7.404,1.44,1.096,0.828,0.574,0.313,0.448,2.705,1
7.339,1.465,1.029,0.812,0.552,0.299,0.474,2.707,1
7.334,1.361,1.173,0.831,0.581,0.419,0.494,2.476,1
7.313,1.444,1.105,0.851,0.568,0.323,0.474,2.547,1
7.291,1.452,1.088,0.831,0.582,0.409,0.383,2.547,1
7.267,1.338,0.995,0.849,0.364,0.087,0.323,3.31,1
7.119,1.45,1.084,0.806,0.544,0.213,0.329,2.693,1
7.104,1.508,1.048,0.779,0.482,0.149,0.411,2.728,1
7.087,1.069,1.022,0.761,0.552,0.105,0.226,3.352,1
7.039,1.359,1.081,0.778,0.468,0.123,0.222,3.008,1
6.994,1.448,1.098,0.815,0.535,0.286,0.305,2.509,1
6.952,1.088,1.039,0.614,0.404,0.142,0.158,3.507,1
6.929,1.425,1.052,0.82,0.514,0.262,0.242,2.614,1
6.907,1.483,1.162,0.815,0.54,0.298,0.45,2.16,1
6.871,1.698,1.04,0.845,0.549,0.353,0.276,2.111,1
6.778,1.115,0.715,0.711,0.377,0.184,0.117,3.559,1
6.739,1.646,0.868,0.947,0.488,0.47,0.327,1.994,1
6.725,1.403,1.087,0.81,0.5,0.274,0.502,2.15,1
6.705,1.217,0.906,0.819,0.378,0.115,0.316,2.955,1
6.701,1.183,0.989,0.708,0.489,0.084,0.242,3.006,1
6.65,1.151,1.066,0.697,0.423,0.073,0.11,3.13,1
6.596,1.309,1.008,0.764,0.414,0.04,0.099,2.962,1
6.573,1.574,0.871,0.73,0.562,0.356,0.266,2.215,1
6.545,1.182,1.031,0.722,0.544,0.214,0.181,2.671,1
6.488,1.308,1.099,0.803,0.55,0.176,0.562,1.99,1
6.481,1.03,1.022,0.597,0.447,0.054,0.156,3.175,1
6.478,1.395,1.005,0.838,0.466,0.178,0.122,2.474,1
6.474,1.089,1.045,0.649,0.496,0.028,0.587,2.58,1
6.379,1.49,0.848,0.593,0.379,0.3,0.155,2.615,1
6.379,1.397,0.926,0.796,0.324,0.066,0.255,2.615,1
6.375,1.824,0.88,0.717,0.567,0.48,0.324,1.582,1
6.361,1.343,1.129,0.879,0.375,0.061,0.177,2.397,1
6.355,1.053,0.833,0.618,0.21,0.162,0.07,3.409,1
6.324,0.835,0.871,0.54,0.504,0.087,0.288,3.199,1
6.269,1.097,0.779,0.509,0.522,0.127,0.167,3.069,1
6.239,1.617,0.878,0.636,0.432,0.237,0.16,2.281,1
6.218,1.44,0.944,0.657,0.474,0.258,0.171,2.274,1
6.168,1.326,0.986,0.526,0.485,0.012,0.319,2.514,1
6.084,1.134,1.033,0.619,0.198,0.083,0.043,2.975,1
6.078,1.28,1.083,0.704,0.234,0.029,0.138,2.611,1
6.068,0.874,0.81,0.596,0.373,0.106,0.089,3.221,1
6.005,1.251,0.88,0.624,0.39,0.091,0.415,2.354,1
5.992,0.694,0.895,0.652,0.466,0.163,0.298,2.824,1
5.987,0.736,1.168,0.502,0.608,0.283,0.343,2.346,1
5.977,1.355,1.042,0.851,0.188,0.026,0.167,2.349,1
5.976,0.973,0.86,0.686,0.403,0.18,0.101,2.774,1
5.956,0.876,0.687,0.456,0.512,0.108,0.237,3.08,1
5.921,1.38,1.061,0.915,0.468,0.19,0.102,1.806,1
5.919,1.229,0.955,0.574,0.405,0.111,0.15,2.493,1
5.897,0.692,0.831,0.523,0.252,0.019,0.2,3.38,1
5.856,1.232,1.053,0.59,0.327,0.036,0.027,2.591,1
5.835,1.246,1.047,0.691,0.452,0.055,0.144,2.2,1
5.835,1.359,0.722,0.886,0.252,0.077,0.188,2.35,1
5.822,0.794,0.838,0.47,0.51,0.077,0.217,2.916,1
5.813,1.269,1.064,0.647,0.189,0.018,0.02,2.605,1
5.802,1.131,1.05,0.631,0.291,0.175,0.139,2.386,1
5.771,1.311,0.818,0.841,0.436,0.166,0.263,1.934,1
5.768,1.299,1.056,0.792,0.532,0.036,0.257,1.795,1
5.743,0.996,0.813,0.63,0.375,0.053,0.145,2.731,1
5.658,1.08,1.038,0.44,0.374,0.285,0.226,2.215,1
5.648,1.144,0.757,0.662,0.461,0.052,0.37,2.202,1
5.615,1.067,0.951,0.523,0.407,0.103,0.171,2.394,1
5.56,1.218,0.95,0.64,0.28,0.089,0.174,2.209,1
5.546,1.319,0.707,0.849,0.295,0.052,0.279,2.045,1
5.538,0.894,1.111,0.583,0.462,0.074,0.253,2.161,1
5.528,1.17,0.728,0.676,0.367,0.007,0.129,2.452,1
5.517,1.28,1.052,0.681,0.415,0.185,0.084,1.82,1
5.51,0.893,0.964,0.595,0.436,0.043,0.222,2.357,1
5.488,1.186,0.608,0.705,0.239,0.04,0.184,2.525,1
5.458,1.511,0.87,0.953,0.481,0.316,0.401,0.926,1
5.44,0.0,0.336,0.115,0.568,0.312,0.272,3.838,0
5.401,0.901,0.661,0.54,0.144,0.065,0.28,2.81,0
5.389,1.165,0.877,0.647,0.239,0.123,0.047,2.291,0
5.314,0.951,0.876,0.494,0.392,0.003,0.565,2.032,0
5.303,0.997,0.862,0.607,0.36,0.133,0.143,2.201,0
5.291,1.124,0.76,0.545,0.353,0.179,0.056,2.274,0
5.279,0.812,0.879,0.47,0.549,0.118,0.217,2.235,0
5.245,1.028,0.794,0.736,0.44,0.027,0.05,2.171,0
5.196,0.853,0.908,0.498,0.461,0.162,0.485,1.829,0
5.185,0.56,0.954,0.554,0.402,0.048,0.384,2.281,0
5.177,1.034,0.813,0.646,0.157,0.043,0.207,2.275,0
5.163,0.934,0.644,0.708,0.095,0.0,0.299,2.484,0
5.161,1.078,0.742,0.635,0.151,0.127,0.172,2.255,0
5.155,1.028,0.995,0.577,0.523,0.124,0.213,1.696,0
5.151,0.841,0.386,0.595,0.256,0.084,0.041,2.949,0
5.145,1.241,0.932,0.676,0.198,0.045,0.099,1.955,0
5.132,0.688,0.261,0.403,0.146,0.139,0.312,3.183,0
5.129,1.123,0.642,0.762,0.262,0.031,0.237,2.073,0
5.123,1.276,0.944,0.794,0.447,0.015,0.117,1.53,0
5.121,1.019,0.782,0.647,0.277,0.07,0.235,2.089,0
5.061,0.74,0.791,0.662,0.56,0.116,0.251,1.942,0
5.057,0.256,0.759,0.331,0.391,0.368,0.515,2.438,0
5.045,0.977,0.432,0.596,0.236,0.082,0.039,2.684,0
5.033,1.249,0.755,0.8,0.058,0.041,0.0,2.129,0
4.996,0.488,0.756,0.531,0.434,0.135,0.26,2.391,0
4.907,0.989,1.09,0.555,0.36,0.033,0.345,1.536,0
4.876,0.68,0.55,0.383,0.522,0.224,0.431,2.086,0
4.875,0.752,0.645,0.051,0.279,0.031,0.232,2.886,0
4.871,0.694,0.756,0.584,0.268,0.069,0.204,2.296,0
4.813,1.118,0.389,0.642,0.225,0.056,0.385,1.998,0
4.795,0.612,0.638,0.236,0.427,0.115,0.179,2.59,0
4.793,0.446,0.697,0.501,0.37,0.07,0.382,2.327,0
4.754,0.67,0.716,0.568,0.177,0.106,0.112,2.404,0
4.655,0.955,0.502,0.73,0.319,0.053,0.168,1.928,0
4.643,0.542,0.247,0.53,0.398,0.126,0.191,2.609,0
4.635,0.365,0.628,0.0,0.307,0.082,0.239,3.014,0
4.575,1.075,0.592,0.511,0.249,0.136,0.196,1.817,0
4.574,0.933,0.704,0.347,0.486,0.104,0.078,1.922,0
4.513,0.525,0.625,0.127,0.427,0.061,0.227,2.52,0
4.508,0.293,0.379,0.346,0.367,0.172,0.295,2.656,0
4.459,1.024,0.961,0.186,0.425,0.084,0.137,1.642,0
4.415,0.973,0.848,0.62,0.508,0.08,0.47,0.917,0
4.404,0.74,0.292,0.451,0.403,0.087,0.25,2.18,0
4.395,0.341,0.7,0.399,0.427,0.202,0.82,1.507,0
4.362,0.954,0.498,0.521,0.188,0.104,0.127,1.969,0
4.36,0.861,0.625,0.641,0.14,0.036,0.078,1.979,0
4.356,0.523,0.762,0.301,0.406,0.067,0.413,1.883,0
4.324,0.873,1.014,0.586,0.129,0.018,0.204,1.501,0
4.276,0.631,0.494,0.297,0.41,0.033,0.212,2.2,0
4.272,0.057,0.807,0.188,0.156,0.061,0.255,2.749,0
4.252,0.838,0.192,0.64,0.325,0.319,0.068,1.87,0
4.236,0.771,0.478,0.282,0.379,0.098,0.121,2.107,0
4.219,0.443,0.774,0.405,0.311,0.117,0.191,1.979,0
4.217,1.113,0.925,0.678,0.212,0.006,0.128,1.154,0
4.201,0.614,0.841,0.286,0.127,0.18,0.227,1.926,0
4.193,0.35,0.715,0.16,0.254,0.086,0.185,2.443,0
4.156,0.087,0.147,0.294,0.414,0.076,0.31,2.829,0
4.139,0.631,0.819,0.298,0.0,0.1,0.181,2.11,0
4.121,1.159,0.724,0.349,0.281,0.093,0.062,1.453,0
4.073,0.313,0.863,0.163,0.275,0.136,0.211,2.111,0
4.028,0.341,0.296,0.275,0.121,0.145,0.48,2.371,0
3.974,1.094,0.892,0.348,0.441,0.108,0.124,0.967,0
3.956,0.275,0.603,0.3,0.154,0.184,0.183,2.256,0
3.916,0.555,0.576,0.045,0.407,0.155,0.203,1.975,0
3.907,0.556,0.538,0.425,0.589,0.081,0.403,1.316,0
3.866,0.847,0.664,0.05,0.006,0.084,0.121,2.095,0
3.856,0.133,0.605,0.262,0.38,0.172,0.21,2.095,0
3.832,0.394,0.185,0.158,0.197,0.13,0.259,2.509,0
3.763,0.422,0.632,0.038,0.128,0.05,0.187,2.306,0
3.739,0.32,0.631,0.213,0.334,0.125,0.244,1.873,0
3.739,0.347,0.91,0.196,0.437,0.064,0.271,1.514,0
3.724,0.579,0.475,0.31,0.229,0.059,0.098,1.973,0
3.695,0.28,0.461,0.371,0.137,0.075,0.22,2.151,0
3.666,0.472,0.776,0.357,0.318,0.051,0.315,1.378,0
3.622,0.107,0.504,0.232,0.257,0.049,0.241,2.233,0
3.607,0.224,0.311,0.188,0.31,0.119,0.299,2.156,0
3.515,0.328,0.616,0.319,0.543,0.505,0.236,0.968,0
3.484,0.395,0.104,0.21,0.397,0.067,0.202,2.108,0
3.36,0.382,0.11,0.173,0.164,0.071,0.313,2.146,0
3.303,0.281,0.0,0.248,0.347,0.116,0.175,2.135,0
3.069,0.747,0.149,0.63,0.069,0.172,0.484,0.818,0
2.905,0.068,0.234,0.157,0.043,0.094,0.203,2.104,0
7.537,1.616,1.534,0.797,0.635,0.316,0.362,2.277,1
7.522,1.482,1.551,0.793,0.626,0.401,0.355,2.314,1
7.504,1.481,1.611,0.834,0.627,0.154,0.476,2.323,1
7.494,1.565,1.517,0.858,0.62,0.367,0.291,2.277,1
7.469,1.444,1.54,0.809,0.618,0.383,0.245,2.43,1
7.377,1.504,1.429,0.811,0.585,0.283,0.47,2.295,1
7.316,1.479,1.481,0.835,0.611,0.287,0.436,2.187,1
7.314,1.406,1.548,0.817,0.614,0.383,0.5,2.046,1
7.284,1.494,1.478,0.831,0.613,0.384,0.385,2.098,1
7.284,1.484,1.51,0.844,0.602,0.301,0.478,2.065,1
7.213,1.375,1.376,0.838,0.406,0.085,0.33,2.802,1
7.079,1.11,1.416,0.76,0.58,0.1,0.215,2.899,1
7.006,1.487,1.46,0.815,0.568,0.221,0.316,2.139,1
6.993,1.546,1.42,0.774,0.506,0.136,0.393,2.218,1
6.977,1.536,1.558,0.81,0.573,0.298,0.428,1.774,1
6.951,1.488,1.473,0.799,0.563,0.277,0.336,2.016,1
6.891,1.464,1.462,0.818,0.54,0.251,0.232,2.124,1
6.863,1.742,1.458,0.845,0.597,0.319,0.283,1.62,1
6.714,1.442,1.496,0.805,0.508,0.265,0.493,1.704,1
6.652,1.253,1.284,0.819,0.377,0.082,0.327,2.51,1
6.648,1.626,1.266,0.727,0.608,0.324,0.361,1.735,1
6.635,1.107,1.431,0.617,0.437,0.111,0.162,2.769,1
6.609,1.353,1.434,0.754,0.491,0.037,0.088,2.452,1
6.599,1.185,1.44,0.695,0.495,0.06,0.109,2.614,1
6.578,1.153,1.211,0.71,0.413,0.133,0.121,2.837,1
6.572,1.692,1.354,0.949,0.55,0.464,0.346,1.216,1
6.527,1.343,1.488,0.822,0.589,0.153,0.575,1.557,1
6.454,1.218,1.412,0.719,0.579,0.178,0.175,2.172,1
6.454,0.872,1.256,0.54,0.531,0.077,0.283,2.894,1
6.452,1.234,1.373,0.706,0.55,0.071,0.211,2.307,1
6.442,1.431,1.388,0.844,0.47,0.173,0.13,2.006,1
6.424,1.128,1.426,0.647,0.58,0.032,0.572,2.04,1
6.422,1.434,1.385,0.794,0.361,0.064,0.258,2.127,1
6.403,1.384,1.532,0.889,0.409,0.071,0.19,1.928,1
6.375,1.871,1.274,0.71,0.604,0.439,0.33,1.145,1
6.357,1.071,1.402,0.595,0.477,0.047,0.149,2.616,1
6.344,1.531,1.287,0.59,0.45,0.273,0.148,2.065,1
6.168,1.361,1.38,0.52,0.519,0.009,0.325,2.053,1
6.105,1.633,1.26,0.632,0.496,0.215,0.228,1.64,1
6.098,1.325,1.505,0.713,0.296,0.024,0.137,2.098,1
6.087,1.488,1.323,0.653,0.537,0.257,0.173,1.656,1
6.084,1.291,1.285,0.619,0.402,0.066,0.417,2.004,1
6.071,0.737,1.287,0.653,0.448,0.131,0.302,2.514,1
6.008,1.001,1.286,0.686,0.455,0.14,0.15,2.29,1
6.003,0.91,1.182,0.596,0.432,0.09,0.078,2.715,1
5.973,1.292,1.446,0.699,0.52,0.059,0.158,1.798,1
5.971,0.786,1.549,0.498,0.658,0.247,0.416,1.817,1
5.964,1.395,1.445,0.853,0.256,0.028,0.173,1.813,1
5.963,1.282,1.469,0.547,0.374,0.033,0.052,2.206,1
5.956,0.908,1.081,0.45,0.548,0.097,0.24,2.632,1
5.92,1.417,1.436,0.913,0.506,0.164,0.121,1.363,1
5.902,1.315,1.474,0.629,0.234,0.012,0.01,2.228,1
5.872,1.092,1.146,0.618,0.233,0.146,0.069,2.568,1
5.85,1.261,1.405,0.639,0.326,0.074,0.153,1.994,1
5.838,1.402,1.128,0.9,0.258,0.063,0.207,1.88,1
5.838,0.729,1.252,0.589,0.241,0.01,0.209,2.808,1
5.825,1.218,1.15,0.685,0.457,0.004,0.134,2.177,1
5.823,0.834,1.228,0.474,0.559,0.06,0.226,2.443,1
5.822,1.131,1.493,0.438,0.418,0.259,0.25,1.833,1
5.819,1.285,1.384,0.606,0.437,0.119,0.202,1.785,1
5.81,1.347,1.186,0.835,0.471,0.155,0.267,1.549,1
5.758,1.341,1.453,0.791,0.573,0.045,0.243,1.313,1
5.715,1.035,1.219,0.63,0.45,0.047,0.127,2.207,1
5.629,1.189,1.21,0.638,0.491,0.042,0.361,1.698,1
5.621,1.356,1.131,0.845,0.355,0.041,0.271,1.621,1
5.611,1.321,1.477,0.695,0.479,0.183,0.099,1.358,1
5.569,1.157,1.445,0.638,0.295,0.156,0.155,1.723,1
5.525,1.102,1.358,0.52,0.466,0.093,0.152,1.835,1
5.5,1.198,1.338,0.638,0.301,0.1,0.047,1.879,1
5.493,0.933,1.507,0.579,0.474,0.091,0.224,1.685,1
5.472,1.552,1.263,0.943,0.491,0.294,0.374,0.555,1
5.43,0.858,1.254,0.468,0.585,0.099,0.194,1.973,0
5.395,1.069,1.258,0.651,0.209,0.041,0.22,1.947,0
5.336,0.991,1.239,0.605,0.418,0.12,0.172,1.791,0
5.324,1.286,1.343,0.688,0.176,0.037,0.078,1.716,0
5.311,0.926,1.368,0.641,0.474,0.055,0.234,1.612,0
5.293,1.223,0.968,0.701,0.256,0.043,0.248,1.854,0
5.279,0.951,1.138,0.541,0.26,0.057,0.32,2.011,0
5.273,1.081,1.161,0.741,0.473,0.023,0.029,1.765,0
5.269,0.727,0.673,0.402,0.235,0.124,0.315,2.792,0
5.262,0.996,1.274,0.492,0.443,0.015,0.612,1.429,0
5.25,1.128,1.431,0.617,0.154,0.064,0.065,1.789,0
5.237,1.121,1.238,0.667,0.195,0.088,0.198,1.729,0
5.235,0.878,0.775,0.598,0.408,0.088,0.032,2.456,0
5.234,1.154,1.152,0.541,0.398,0.181,0.045,1.762,0
5.23,1.079,1.402,0.575,0.553,0.114,0.187,1.319,0
5.227,1.289,1.239,0.81,0.096,0.043,0.0,1.749,0
5.225,1.075,1.13,0.735,0.289,0.038,0.264,1.695,0
5.195,1.315,1.367,0.796,0.498,0.016,0.095,1.108,0
5.182,0.982,1.069,0.705,0.204,0.0,0.329,1.892,0
5.181,0.731,1.144,0.583,0.348,0.073,0.236,2.066,0
5.175,1.065,1.208,0.645,0.326,0.06,0.254,1.617,0
5.151,0.023,0.721,0.114,0.602,0.282,0.292,3.117,0
5.074,0.789,1.277,0.652,0.571,0.088,0.235,1.462,0
5.074,0.784,1.216,0.057,0.395,0.026,0.231,2.365,0
5.041,0.525,1.271,0.529,0.472,0.146,0.249,1.849,0
5.011,0.885,1.34,0.496,0.502,0.173,0.474,1.14,0
5.004,0.596,1.394,0.553,0.455,0.039,0.429,1.537,0
4.962,0.48,1.179,0.504,0.44,0.073,0.394,1.891,0
4.955,1.027,1.493,0.558,0.394,0.033,0.338,1.111,0
4.829,1.055,1.385,0.187,0.479,0.073,0.139,1.511,0
4.805,1.007,0.868,0.613,0.29,0.087,0.05,1.89,0
4.775,0.716,1.156,0.566,0.255,0.089,0.114,1.879,0
4.735,0.99,0.997,0.52,0.282,0.114,0.129,1.702,0
4.714,1.161,1.434,0.708,0.289,0.011,0.113,0.996,0
4.709,0.368,0.984,0.006,0.319,0.071,0.293,2.668,0
4.695,0.564,0.946,0.133,0.43,0.051,0.236,2.334,0
4.692,1.157,0.712,0.639,0.249,0.049,0.387,1.499,0
4.644,0.996,0.804,0.731,0.381,0.04,0.201,1.49,0
4.608,0.587,0.735,0.533,0.478,0.124,0.172,1.979,0
4.574,0.964,1.098,0.339,0.52,0.093,0.077,1.482,0
4.553,0.56,1.068,0.31,0.453,0.065,0.445,1.652,0
4.55,0.234,0.871,0.107,0.481,0.179,0.322,2.356,0
4.545,0.367,1.123,0.398,0.514,0.189,0.838,1.115,0
4.535,0.479,1.18,0.409,0.378,0.115,0.183,1.79,0
4.514,0.636,1.003,0.258,0.462,0.078,0.25,1.827,0
4.497,1.103,0.979,0.501,0.289,0.107,0.2,1.319,0
4.465,1.198,1.156,0.357,0.312,0.076,0.044,1.323,0
4.46,0.339,0.865,0.353,0.409,0.165,0.313,2.016,0
4.44,1.01,1.26,0.625,0.561,0.074,0.491,0.419,0
4.376,0.901,1.007,0.638,0.198,0.027,0.083,1.521,0
4.315,0.792,0.754,0.455,0.47,0.092,0.232,1.519,0
4.292,0.648,1.272,0.285,0.096,0.137,0.202,1.652,0
4.291,0.809,0.832,0.29,0.435,0.08,0.121,1.724,0
4.286,0.951,0.571,0.65,0.309,0.252,0.054,1.5,0
4.28,0.092,1.229,0.191,0.236,0.06,0.246,2.225,0
4.19,0.476,1.281,0.169,0.307,0.105,0.183,1.668,0
4.18,0.603,0.905,0.049,0.448,0.13,0.201,1.845,0
4.168,0.602,1.006,0.43,0.633,0.068,0.386,1.043,0
4.139,0.66,1.214,0.291,0.015,0.09,0.182,1.687,0
4.12,0.667,0.874,0.296,0.423,0.025,0.257,1.578,0
4.096,0.895,1.395,0.576,0.123,0.023,0.27,0.814,0
4.081,0.381,1.13,0.218,0.443,0.057,0.326,1.526,0
4.032,0.35,1.043,0.216,0.324,0.12,0.251,1.727,0
4.028,0.162,0.993,0.269,0.364,0.139,0.229,1.874,0
3.97,0.233,0.513,0.315,0.467,0.073,0.287,2.082,0
3.936,0.438,0.954,0.041,0.162,0.054,0.216,2.071,0
3.875,0.376,1.083,0.197,0.336,0.095,0.189,1.598,0
3.808,0.521,1.19,0.0,0.391,0.119,0.157,1.43,0
3.795,0.858,1.104,0.05,0.0,0.07,0.098,1.614,0
3.794,0.401,0.582,0.181,0.106,0.061,0.312,2.151,0
3.766,1.122,1.222,0.342,0.505,0.099,0.099,0.378,0
3.657,0.431,0.435,0.21,0.426,0.061,0.208,1.886,0
3.644,0.306,0.913,0.375,0.189,0.067,0.209,1.585,0
3.603,0.369,0.64,0.277,0.03,0.1,0.489,1.697,0
3.593,0.592,0.935,0.31,0.249,0.057,0.104,1.346,0
3.591,0.397,0.601,0.163,0.147,0.117,0.286,1.88,0
3.533,0.119,0.872,0.23,0.333,0.039,0.267,1.673,0
3.507,0.245,0.791,0.194,0.349,0.111,0.265,1.552,0
3.495,0.305,0.432,0.247,0.38,0.096,0.197,1.837,0
3.471,0.369,0.946,0.326,0.582,0.455,0.253,0.54,0
3.462,0.777,0.396,0.501,0.082,0.151,0.494,1.062,0
3.349,0.511,1.042,0.365,0.39,0.066,0.354,0.621,0
2.905,0.092,0.63,0.152,0.06,0.084,0.204,1.683,0
2.693,0.0,0.0,0.019,0.271,0.057,0.281,2.066,0
7.632,1.305,1.592,0.874,0.681,0.393,0.202,2.585,1
7.594,1.456,1.582,0.861,0.686,0.34,0.286,2.383,1
7.555,1.351,1.59,0.868,0.683,0.408,0.284,2.371,1
7.495,1.343,1.644,0.914,0.677,0.138,0.353,2.426,1
7.487,1.42,1.549,0.927,0.66,0.357,0.256,2.318,1
7.441,1.361,1.488,0.878,0.638,0.295,0.333,2.448,1
7.328,1.33,1.532,0.896,0.653,0.291,0.321,2.305,1
7.324,1.268,1.601,0.876,0.669,0.389,0.365,2.156,1
7.314,1.355,1.501,0.913,0.659,0.383,0.285,2.218,1
7.272,1.34,1.573,0.91,0.647,0.302,0.361,2.139,1
7.19,1.244,1.433,0.888,0.464,0.082,0.262,2.817,1
7.139,1.341,1.504,0.891,0.617,0.224,0.242,2.32,1
7.072,1.01,1.459,0.817,0.632,0.101,0.143,2.91,1
6.977,1.448,1.583,0.876,0.614,0.306,0.307,1.843,1
6.965,1.34,1.474,0.861,0.586,0.28,0.273,2.151,1
6.927,1.324,1.483,0.894,0.583,0.24,0.188,2.215,1
6.91,1.576,1.52,0.896,0.632,0.321,0.196,1.769,1
6.886,1.398,1.471,0.819,0.547,0.133,0.291,2.227,1
6.814,1.301,1.559,0.883,0.533,0.272,0.354,1.912,1
6.774,2.096,0.776,0.67,0.284,0.0,0.186,2.762,1
6.711,1.233,1.489,0.854,0.543,0.034,0.064,2.494,1
6.627,1.27,1.525,0.884,0.645,0.142,0.376,1.785,1
6.489,1.293,1.466,0.908,0.52,0.176,0.098,2.028,1
6.488,1.038,1.252,0.761,0.479,0.095,0.069,2.794,1
6.476,1.131,1.331,0.808,0.431,0.061,0.197,2.517,1
6.441,1.365,1.436,0.857,0.418,0.078,0.151,2.136,1
6.43,1.112,1.438,0.759,0.597,0.063,0.125,2.336,1
6.419,0.986,1.474,0.675,0.493,0.088,0.11,2.593,1
6.388,1.073,1.468,0.744,0.57,0.054,0.062,2.417,1
6.382,0.781,1.268,0.608,0.604,0.071,0.179,2.871,1
6.379,1.093,1.459,0.771,0.625,0.155,0.13,2.146,1
6.374,1.649,1.303,0.748,0.654,0.171,0.256,1.593,1
6.371,1.379,1.331,0.633,0.509,0.127,0.098,2.294,1
6.343,1.529,1.451,1.008,0.631,0.457,0.261,1.006,1
6.322,1.161,1.258,0.669,0.356,0.059,0.311,2.508,1
6.31,1.251,1.538,0.965,0.449,0.074,0.142,1.891,1
6.26,0.96,1.439,0.635,0.531,0.039,0.099,2.557,1
6.192,1.223,1.492,0.564,0.575,0.019,0.171,2.148,1
6.173,1.21,1.537,0.776,0.354,0.014,0.118,2.164,1
6.167,0.806,1.231,0.639,0.461,0.082,0.065,2.883,1
6.141,0.668,1.319,0.7,0.527,0.128,0.208,2.591,1
6.123,1.176,1.448,0.781,0.546,0.064,0.108,2.0,1
6.105,1.338,1.366,0.698,0.594,0.123,0.243,1.743,1
6.096,0.719,1.584,0.605,0.724,0.259,0.328,1.877,1
6.083,1.474,1.301,0.675,0.554,0.106,0.167,1.806,1
6.072,1.016,1.417,0.707,0.637,0.029,0.364,1.902,1
6.0,1.264,1.501,0.946,0.281,0.028,0.137,1.843,1
5.973,0.889,1.33,0.736,0.556,0.12,0.114,2.228,1
5.956,0.807,1.101,0.474,0.593,0.089,0.183,2.709,1
5.952,1.197,1.527,0.716,0.35,0.006,0.026,2.13,1
5.948,1.219,1.506,0.856,0.633,0.051,0.16,1.523,1
5.945,1.116,1.219,0.726,0.528,0.001,0.088,2.267,1
5.933,1.148,1.454,0.671,0.363,0.066,0.092,2.139,1
5.915,1.294,1.462,0.988,0.553,0.15,0.079,1.389,1
5.891,1.09,1.387,0.684,0.584,0.05,0.245,1.851,1
5.89,0.819,1.493,0.693,0.575,0.031,0.096,2.183,1
5.875,1.266,1.204,0.955,0.244,0.051,0.175,1.98,1
5.835,1.229,1.211,0.909,0.495,0.154,0.179,1.658,1
5.81,1.151,1.479,0.599,0.399,0.025,0.065,2.092,1
5.79,1.143,1.516,0.631,0.454,0.121,0.148,1.777,1
5.762,1.229,1.191,0.909,0.423,0.035,0.202,1.773,1
5.752,0.751,1.223,0.508,0.606,0.054,0.141,2.469,1
5.739,1.2,1.532,0.737,0.553,0.174,0.086,1.457,1
5.681,0.835,1.522,0.615,0.541,0.074,0.162,1.932,1
5.663,0.934,1.249,0.674,0.53,0.034,0.092,2.15,1
5.662,0.855,1.23,0.578,0.448,0.023,0.274,2.254,1
5.64,0.657,1.301,0.62,0.232,0.0,0.171,2.659,1
5.636,1.016,1.533,0.517,0.417,0.037,0.199,1.917,1
5.62,1.171,1.401,0.732,0.259,0.022,0.061,1.974,1
5.566,0.985,1.35,0.553,0.496,0.148,0.116,1.918,1
5.524,0.775,1.312,0.513,0.643,0.105,0.12,2.056,1
5.504,0.62,1.205,0.622,0.459,0.074,0.197,2.327,1
5.483,1.039,1.498,0.7,0.307,0.154,0.101,1.684,1
5.483,1.148,1.38,0.686,0.324,0.109,0.106,1.73,1
5.472,0.652,0.81,0.424,0.334,0.113,0.216,2.923,1
5.43,1.405,1.29,1.03,0.524,0.291,0.246,0.644,0
5.41,1.188,1.429,0.884,0.562,0.017,0.055,1.275,0
5.398,0.975,1.369,0.685,0.288,0.043,0.134,1.904,0
5.358,1.154,1.202,0.879,0.131,0.044,0.0,1.948,0
5.358,0.965,1.179,0.785,0.503,0.136,0.214,1.576,0
5.347,1.017,1.279,0.729,0.259,0.081,0.111,1.871,0
5.321,1.115,1.161,0.737,0.38,0.039,0.12,1.769,0
5.302,0.982,1.441,0.614,0.578,0.106,0.12,1.461,0
5.295,0.979,1.154,0.687,0.077,0.135,0.055,2.208,0
5.254,0.779,0.797,0.669,0.46,0.074,0.026,2.449,0
5.246,0.989,1.142,0.799,0.597,0.103,0.029,1.587,0
5.201,1.024,1.161,0.603,0.43,0.176,0.031,1.776,0
5.199,0.474,1.166,0.598,0.292,0.034,0.187,2.448,0
5.185,0.959,1.239,0.691,0.394,0.052,0.173,1.677,0
5.161,0.822,1.265,0.645,0.468,0.134,0.13,1.697,0
5.155,0.689,1.172,0.048,0.462,0.032,0.201,2.551,0
5.131,0.53,1.416,0.594,0.54,0.035,0.281,1.735,0
5.129,0.915,1.078,0.758,0.28,0.0,0.216,1.882,0
5.125,0.914,1.517,0.575,0.395,0.032,0.253,1.439,0
5.103,0.715,1.365,0.702,0.618,0.079,0.177,1.447,0
5.093,0.899,1.215,0.522,0.538,0.018,0.484,1.417,0
5.082,0.796,1.335,0.527,0.541,0.171,0.364,1.348,0
4.982,0.0,0.712,0.115,0.674,0.282,0.238,2.961,0
4.975,0.535,0.891,0.182,0.454,0.043,0.183,2.687,0
4.933,1.054,1.515,0.712,0.359,0.009,0.064,1.22,0
4.88,0.425,1.228,0.539,0.526,0.078,0.302,1.782,0
4.806,0.996,1.469,0.657,0.133,0.052,0.056,1.443,0
4.758,1.036,1.164,0.404,0.356,0.052,0.032,1.714,0
4.743,0.642,1.217,0.602,0.266,0.076,0.086,1.854,0
4.724,0.94,1.41,0.33,0.516,0.056,0.103,1.369,0
4.707,1.059,0.771,0.691,0.459,0.129,0.282,1.316,0
4.671,0.541,0.872,0.08,0.467,0.103,0.146,2.462,0
4.657,0.592,0.896,0.337,0.499,0.029,0.212,2.092,0
4.631,0.429,1.117,0.433,0.406,0.082,0.138,2.026,0
4.623,0.72,1.034,0.441,0.626,0.174,0.23,1.398,0
4.592,0.9,0.906,0.69,0.271,0.063,0.04,1.722,0
4.586,0.916,0.817,0.79,0.419,0.032,0.149,1.463,0
4.571,0.256,0.813,0.0,0.355,0.053,0.238,2.856,0
4.559,0.682,0.811,0.343,0.514,0.077,0.091,2.041,0
4.5,0.532,0.85,0.579,0.58,0.144,0.153,1.662,0
4.471,0.918,1.314,0.672,0.585,0.05,0.307,0.625,0
4.456,1.01,0.971,0.536,0.304,0.095,0.148,1.392,0
4.447,0.37,1.233,0.152,0.367,0.056,0.139,2.13,0
4.441,0.874,1.281,0.365,0.519,0.064,0.051,1.287,0
4.433,0.549,1.088,0.457,0.696,0.065,0.256,1.322,0
4.424,0.314,1.097,0.254,0.312,0.128,0.175,2.144,0
4.419,0.885,1.025,0.553,0.312,0.107,0.092,1.445,0
4.417,0.198,0.902,0.173,0.531,0.158,0.206,2.249,0
4.41,0.493,1.048,0.454,0.504,0.055,0.352,1.504,0
4.377,0.562,1.047,0.295,0.503,0.082,0.221,1.667,0
4.356,0.557,1.245,0.292,0.129,0.093,0.134,1.906,0
4.35,0.308,0.95,0.391,0.452,0.146,0.22,1.883,0
4.34,0.853,0.592,0.643,0.375,0.215,0.038,1.624,0
4.321,0.816,0.99,0.666,0.26,0.028,0.077,1.484,0
4.308,0.682,1.174,0.429,0.58,0.178,0.598,0.667,0
4.301,0.358,0.907,0.053,0.189,0.06,0.181,2.553,0
4.245,0.069,1.136,0.204,0.312,0.052,0.197,2.275,0
4.19,0.721,0.747,0.485,0.539,0.093,0.172,1.433,0
4.166,0.131,0.867,0.221,0.39,0.099,0.175,2.283,0
4.161,0.322,1.09,0.237,0.45,0.061,0.259,1.742,0
4.141,0.378,0.372,0.24,0.44,0.067,0.163,2.481,0
4.139,0.605,1.24,0.312,0.016,0.082,0.134,1.75,0
4.103,0.793,1.413,0.609,0.163,0.011,0.187,0.927,0
3.999,0.259,0.474,0.253,0.434,0.101,0.158,2.32,0
3.964,0.344,0.792,0.211,0.394,0.094,0.185,1.944,0
3.808,0.472,1.215,0.079,0.423,0.112,0.116,1.391,0
3.795,0.73,1.125,0.269,0.0,0.061,0.079,1.531,0
3.774,0.262,0.908,0.402,0.221,0.049,0.155,1.777,0
3.692,0.357,1.094,0.248,0.406,0.099,0.132,1.356,0
3.632,0.332,0.537,0.255,0.085,0.036,0.191,2.196,0
3.59,1.017,1.174,0.417,0.557,0.092,0.042,0.291,0
3.587,0.186,0.541,0.306,0.531,0.08,0.21,1.733,0
3.582,0.315,0.714,0.289,0.025,0.104,0.392,1.743,0
3.495,0.076,0.858,0.267,0.419,0.03,0.206,1.639,0
3.462,0.689,0.382,0.539,0.088,0.144,0.376,1.244,0
3.408,0.332,0.896,0.4,0.636,0.444,0.2,0.5,0
3.355,0.442,1.073,0.343,0.244,0.064,0.083,1.106,0
3.303,0.455,0.991,0.381,0.481,0.097,0.27,0.628,0
3.254,0.337,0.608,0.177,0.112,0.106,0.224,1.69,0
3.083,0.024,0.0,0.01,0.305,0.038,0.218,2.488,0
2.905,0.091,0.627,0.145,0.065,0.076,0.149,1.752,0
7.769,1.34,1.587,0.986,0.596,0.393,0.153,2.714,1
7.6,1.383,1.573,0.996,0.592,0.41,0.252,2.394,1
7.554,1.488,1.582,1.028,0.603,0.341,0.271,2.241,1
7.494,1.38,1.624,1.026,0.591,0.118,0.354,2.401,1
7.488,1.396,1.522,0.999,0.557,0.298,0.322,2.394,1
7.48,1.452,1.526,1.052,0.572,0.343,0.263,2.272,1
7.343,1.387,1.487,1.009,0.574,0.373,0.267,2.246,1
7.307,1.303,1.557,1.026,0.585,0.38,0.33,2.126,1
7.278,1.365,1.505,1.039,0.584,0.308,0.285,2.192,1
7.246,1.376,1.475,1.016,0.532,0.226,0.244,2.377,1
7.228,1.372,1.548,1.036,0.557,0.29,0.332,2.093,1
7.167,1.034,1.441,0.963,0.558,0.093,0.144,2.934,1
7.139,1.276,1.455,1.029,0.371,0.082,0.261,2.665,1
7.09,1.609,1.479,1.012,0.526,0.316,0.194,1.954,1
7.054,1.333,1.538,0.996,0.45,0.278,0.348,2.111,1
7.021,1.499,1.553,0.999,0.516,0.31,0.298,1.846,1
6.985,1.373,1.454,0.987,0.495,0.265,0.261,2.15,1
6.923,1.356,1.504,0.986,0.473,0.21,0.16,2.234,1
6.892,1.433,1.457,0.874,0.454,0.128,0.28,2.266,1
6.852,1.269,1.487,0.92,0.457,0.036,0.046,2.637,1
6.825,1.503,1.31,0.825,0.598,0.182,0.262,2.145,1
6.726,1.3,1.52,0.999,0.564,0.151,0.375,1.817,1
6.595,1.07,1.323,0.861,0.433,0.073,0.074,2.761,1
6.592,1.324,1.472,1.045,0.436,0.183,0.111,2.021,1
6.446,1.368,1.43,0.914,0.351,0.097,0.242,2.044,1
6.444,1.159,1.369,0.92,0.357,0.056,0.187,2.396,1
6.436,0.8,1.269,0.746,0.535,0.078,0.175,2.833,1
6.375,1.403,1.357,0.795,0.439,0.132,0.08,2.169,1
6.374,1.684,1.313,0.871,0.555,0.167,0.22,1.564,1
6.354,1.286,1.484,1.062,0.362,0.079,0.153,1.928,1
6.321,1.149,1.442,0.91,0.516,0.054,0.109,2.141,1
6.3,1.004,1.439,0.802,0.39,0.086,0.099,2.48,1
6.293,1.124,1.465,0.891,0.523,0.15,0.127,2.013,1
6.262,1.572,1.463,1.141,0.556,0.453,0.271,0.806,1
6.253,0.794,1.242,0.789,0.43,0.074,0.093,2.831,1
6.223,1.294,1.488,1.039,0.231,0.03,0.158,1.983,1
6.199,1.362,1.368,0.871,0.536,0.11,0.255,1.697,1
6.198,1.246,1.504,0.881,0.334,0.014,0.121,2.098,1
6.192,1.231,1.477,0.713,0.489,0.016,0.185,2.081,1
6.182,1.206,1.438,0.884,0.483,0.05,0.117,2.004,1
6.174,0.745,1.529,0.756,0.631,0.24,0.322,1.951,1
6.149,1.238,1.515,0.818,0.291,0.042,0.043,2.202,1
6.125,0.985,1.41,0.841,0.47,0.034,0.099,2.286,1
6.118,1.258,1.523,0.953,0.564,0.057,0.144,1.619,1
6.105,0.694,1.325,0.835,0.435,0.127,0.2,2.489,1
6.1,0.882,1.232,0.758,0.489,0.006,0.262,2.471,1
6.086,1.092,1.432,0.881,0.471,0.05,0.066,2.094,1
6.07,1.162,1.232,0.825,0.462,0.005,0.083,2.301,1
6.046,1.263,1.223,1.042,0.406,0.041,0.19,1.881,1
6.028,0.912,1.312,0.868,0.498,0.087,0.126,2.225,1
6.021,1.5,1.319,0.808,0.493,0.097,0.142,1.662,1
6.008,1.05,1.409,0.828,0.557,0.028,0.359,1.777,1
5.94,1.187,1.465,0.812,0.264,0.064,0.075,2.073,1
5.895,1.301,1.219,1.036,0.159,0.056,0.175,1.949,1
5.893,1.237,1.528,0.874,0.495,0.161,0.103,1.495,1
5.89,0.831,1.478,0.831,0.49,0.028,0.107,2.125,1
5.888,1.12,1.402,0.798,0.498,0.06,0.215,1.795,1
5.886,1.327,1.419,1.088,0.445,0.14,0.069,1.398,1
5.86,0.642,1.236,0.828,0.507,0.078,0.246,2.323,1
5.809,1.173,1.508,0.729,0.41,0.096,0.146,1.747,1
5.779,0.776,1.209,0.706,0.511,0.064,0.137,2.376,1
5.758,1.201,1.41,0.828,0.199,0.02,0.081,2.019,1
5.743,0.855,1.475,0.777,0.514,0.08,0.184,1.858,1
5.718,1.263,1.252,1.042,0.417,0.162,0.191,1.391,1
5.697,0.96,1.274,0.854,0.455,0.027,0.083,2.044,1
5.693,1.221,1.431,0.999,0.508,0.025,0.047,1.462,1
5.653,0.677,0.886,0.535,0.313,0.098,0.22,2.924,1
5.648,1.183,1.452,0.726,0.334,0.031,0.082,1.84,1
5.631,0.807,1.293,0.657,0.558,0.107,0.117,2.092,1
5.603,1.004,1.383,0.854,0.282,0.039,0.137,1.904,1
5.529,0.685,1.328,0.739,0.245,0.0,0.181,2.351,1
5.525,1.044,1.303,0.673,0.416,0.152,0.133,1.804,1
5.523,1.051,1.361,0.871,0.197,0.08,0.142,1.821,1
5.467,0.493,1.098,0.718,0.389,0.144,0.23,2.395,1
5.432,1.155,1.266,0.914,0.296,0.022,0.119,1.66,0
5.43,1.438,1.277,1.122,0.44,0.287,0.258,0.608,0
5.425,1.015,1.401,0.779,0.497,0.101,0.113,1.519,0
5.386,0.945,1.212,0.845,0.212,0.006,0.263,1.903,0
5.373,1.183,1.36,0.808,0.195,0.106,0.083,1.638,0
5.339,1.221,1.171,0.828,0.508,0.024,0.26,1.327,0
5.323,1.067,1.465,0.789,0.235,0.142,0.094,1.531,0
5.287,1.181,1.156,0.999,0.067,0.034,0.0,1.85,0
5.285,0.948,1.531,0.667,0.317,0.038,0.235,1.549,0
5.274,0.983,1.294,0.838,0.345,0.034,0.185,1.595,0
5.265,0.696,1.111,0.245,0.426,0.041,0.215,2.531,0
5.261,0.551,1.438,0.723,0.508,0.023,0.3,1.718,0
5.247,1.052,1.538,0.657,0.394,0.028,0.244,1.334,0
5.211,1.002,1.16,0.785,0.086,0.114,0.073,1.991,0
5.208,0.801,0.782,0.782,0.418,0.076,0.036,2.313,0
5.208,1.043,1.147,0.769,0.351,0.182,0.035,1.681,0
5.197,0.987,1.224,0.815,0.216,0.027,0.166,1.762,0
5.192,0.931,1.203,0.66,0.491,0.028,0.498,1.381,0
5.191,1.029,1.125,0.893,0.521,0.1,0.058,1.465,0
5.175,0.741,1.346,0.851,0.543,0.073,0.147,1.474,0
5.082,0.813,1.321,0.604,0.457,0.167,0.37,1.35,0
5.044,0.549,0.91,0.331,0.381,0.037,0.187,2.649,0
5.011,1.092,1.513,0.815,0.311,0.004,0.081,1.195,0
4.996,0.611,0.868,0.486,0.381,0.04,0.245,2.365,0
4.944,0.569,0.808,0.232,0.352,0.09,0.154,2.739,0
4.913,0.446,1.226,0.677,0.439,0.089,0.285,1.751,0
4.906,0.837,1.225,0.815,0.383,0.13,0.11,1.406,0
4.883,0.393,0.437,0.397,0.349,0.082,0.175,3.05,0
4.812,0.673,0.799,0.508,0.372,0.093,0.105,2.262,0
4.799,1.057,1.183,0.571,0.295,0.055,0.043,1.595,0
4.796,0.764,1.03,0.551,0.547,0.164,0.266,1.474,0
4.722,0.96,1.351,0.469,0.389,0.055,0.13,1.368,0
4.719,0.947,0.848,0.874,0.383,0.027,0.178,1.462,0
4.707,0.96,1.427,0.805,0.154,0.047,0.064,1.25,0
4.7,0.574,1.122,0.637,0.609,0.062,0.232,1.464,0
4.696,0.657,1.247,0.672,0.225,0.066,0.103,1.726,0
4.681,0.45,1.134,0.571,0.292,0.072,0.153,2.009,0
4.668,0.0,0.698,0.268,0.559,0.27,0.243,2.63,0
4.639,0.879,1.313,0.477,0.401,0.056,0.07,1.443,0
4.628,0.138,0.774,0.366,0.318,0.102,0.188,2.742,0
4.587,0.331,1.056,0.38,0.255,0.113,0.177,2.275,0
4.559,0.85,1.055,0.815,0.283,0.064,0.095,1.397,0
4.548,1.1,0.842,0.785,0.305,0.125,0.27,1.121,0
4.534,0.38,0.829,0.375,0.332,0.086,0.207,2.325,0
4.519,0.886,0.666,0.752,0.346,0.164,0.043,1.662,0
4.516,0.308,0.939,0.428,0.382,0.167,0.269,2.023,0
4.509,0.512,0.983,0.581,0.431,0.053,0.372,1.577,0
4.49,0.57,1.167,0.489,0.066,0.088,0.106,2.004,0
4.466,0.204,0.986,0.39,0.494,0.138,0.197,2.057,0
4.461,0.921,1.0,0.815,0.167,0.055,0.059,1.444,0
4.456,0.562,0.928,0.723,0.527,0.143,0.166,1.407,0
4.437,1.043,0.98,0.574,0.241,0.089,0.148,1.362,0
4.418,0.094,1.125,0.357,0.269,0.053,0.212,2.308,0
4.39,0.385,1.105,0.308,0.327,0.052,0.153,2.06,0
4.374,0.268,0.841,0.242,0.309,0.045,0.252,2.417,0
4.366,0.949,1.265,0.831,0.47,0.047,0.244,0.56,0
4.36,0.71,1.181,0.555,0.525,0.172,0.566,0.651,0
4.35,0.35,0.766,0.192,0.174,0.078,0.198,2.592,0
4.332,0.82,1.39,0.739,0.178,0.01,0.187,1.008,0
4.286,0.336,1.033,0.532,0.344,0.1,0.209,1.732,0
4.212,0.811,1.149,0.0,0.313,0.135,0.074,1.73,0
4.189,0.332,1.069,0.443,0.356,0.06,0.252,1.677,0
4.166,0.913,1.039,0.644,0.241,0.067,0.076,1.186,0
4.107,0.578,1.058,0.426,0.431,0.087,0.247,1.28,0
4.085,0.275,0.572,0.41,0.293,0.085,0.177,2.273,0
4.015,0.755,0.765,0.588,0.498,0.085,0.2,1.124,0
3.975,0.073,0.922,0.443,0.37,0.033,0.233,1.901,0
3.973,0.274,0.757,0.505,0.142,0.078,0.275,1.942,0
3.933,0.274,0.916,0.555,0.148,0.041,0.169,1.83,0
3.802,0.489,1.169,0.168,0.359,0.093,0.107,1.417,0
3.775,0.046,0.447,0.38,0.22,0.18,0.176,2.326,0
3.663,0.366,1.114,0.433,0.361,0.089,0.151,1.149,0
3.597,0.323,0.688,0.449,0.026,0.11,0.419,1.582,0
3.488,1.041,1.145,0.538,0.455,0.1,0.025,0.184,0
3.462,0.619,0.378,0.44,0.013,0.141,0.331,1.54,0
3.41,0.191,0.56,0.495,0.443,0.089,0.218,1.414,0
3.38,0.287,1.163,0.463,0.143,0.077,0.108,1.139,0
3.334,0.359,0.711,0.614,0.555,0.411,0.217,0.467,0
3.231,0.476,0.885,0.499,0.417,0.147,0.276,0.531,0
3.203,0.35,0.517,0.361,0.0,0.025,0.158,1.792,0
3.083,0.026,0.0,0.105,0.225,0.035,0.235,2.457,0
2.853,0.306,0.575,0.295,0.01,0.091,0.202,1.374,0
7.809,1.285,0.954,0.961,0.662,0.195,0.16,2.763,1
7.646,1.327,0.956,0.979,0.665,0.168,0.243,2.433,1
7.56,1.391,0.943,1.041,0.629,0.304,0.269,2.35,1
7.504,1.327,0.975,1.001,0.662,0.712,0.362,2.461,1
7.488,1.424,0.952,1.008,0.67,0.263,0.288,2.168,1
7.449,1.339,0.939,0.976,0.614,0.365,0.336,2.352,1
7.353,1.322,0.926,0.986,0.65,0.251,0.273,2.246,1
7.3,1.242,0.949,1.008,0.647,0.221,0.326,2.128,1
7.294,1.317,0.928,1.001,0.603,0.5,0.256,2.398,1
7.238,1.537,0.907,0.986,0.61,0.367,0.196,2.154,1
7.232,1.302,0.927,1.023,0.644,0.391,0.282,2.195,1
7.223,1.31,0.945,1.023,0.622,0.415,0.325,2.13,1
7.165,1.273,0.937,0.976,0.525,0.436,0.373,2.237,1
7.129,1.216,0.914,1.008,0.421,0.781,0.267,2.713,1
7.121,0.981,0.902,0.94,0.645,0.786,0.131,2.953,1
7.094,1.447,0.942,0.976,0.588,0.357,0.295,1.944,1
7.076,1.314,0.899,0.972,0.564,0.456,0.252,2.295,1
6.94,1.374,0.914,0.832,0.535,0.7,0.298,2.344,1
6.911,1.212,0.914,0.895,0.506,0.858,0.046,2.797,1
6.864,1.296,0.912,0.965,0.5,0.612,0.147,2.349,1
6.791,1.431,0.849,0.788,0.653,0.595,0.281,2.167,1
6.773,1.253,0.93,0.972,0.633,0.659,0.341,1.952,1
6.664,1.268,0.937,1.03,0.514,0.584,0.113,2.053,1
6.465,1.024,0.839,0.832,0.554,0.807,0.083,2.663,1
6.455,1.327,0.894,0.878,0.449,0.732,0.151,2.16,1
6.44,1.071,0.923,0.857,0.594,0.636,0.132,2.167,1
6.406,1.334,0.874,0.76,0.548,0.683,0.087,2.203,1
6.401,1.231,0.921,1.051,0.426,0.766,0.165,1.997,1
6.399,0.754,0.817,0.706,0.613,0.783,0.171,2.883,1
6.387,1.236,0.89,1.023,0.321,0.873,0.17,2.25,1
6.377,1.52,0.91,1.138,0.635,0.11,0.219,0.937,1
6.376,0.953,0.897,0.766,0.483,0.771,0.132,2.572,1
6.363,1.209,0.94,0.933,0.647,0.817,0.146,1.889,1
6.348,0.749,0.806,0.753,0.524,0.754,0.119,2.937,1
6.325,0.84,0.821,0.673,0.557,0.922,0.325,2.737,1
6.305,1.098,0.902,0.879,0.58,0.852,0.097,2.221,1
6.281,1.195,0.922,0.853,0.424,0.918,0.117,2.256,1
6.258,0.697,0.927,0.717,0.693,0.501,0.363,2.073,1
6.228,1.097,0.88,0.889,0.417,0.838,0.156,2.283,1
6.227,1.297,0.876,0.839,0.61,0.739,0.287,1.752,1
6.215,1.194,0.926,0.795,0.42,0.81,0.054,2.238,1
6.192,1.168,0.915,0.659,0.553,0.912,0.199,2.191,1
6.186,1.169,0.874,0.868,0.558,0.687,0.063,2.057,1
6.163,0.932,0.884,0.81,0.527,0.865,0.092,2.422,1
6.159,1.213,0.806,1.026,0.459,0.856,0.228,2.032,1
6.137,0.62,0.857,0.803,0.56,0.666,0.213,2.496,1
6.124,1.12,0.825,0.792,0.535,0.934,0.068,2.413,1
6.102,1.425,0.846,0.776,0.57,0.761,0.133,1.84,1
6.101,1.074,0.91,0.763,0.591,0.805,0.187,2.007,1
6.058,1.123,0.935,0.699,0.497,0.764,0.154,2.022,1
6.022,1.192,0.935,0.843,0.577,0.623,0.125,1.63,1
6.006,0.775,0.847,0.602,0.622,0.734,0.129,2.502,1
6.0,1.164,0.922,0.807,0.386,0.893,0.07,2.122,1
5.999,1.007,0.89,0.794,0.609,0.886,0.377,1.832,1
5.975,1.028,0.901,0.85,0.521,0.842,0.07,2.073,1
5.953,0.599,0.822,0.792,0.568,0.801,0.257,2.464,1
5.95,1.141,0.918,0.778,0.329,0.796,0.075,2.121,1
5.925,0.853,0.836,0.839,0.555,0.801,0.115,2.255,1
5.911,1.169,0.887,0.979,0.59,0.893,0.053,1.753,1
5.89,0.779,0.916,0.788,0.553,0.889,0.116,2.214,1
5.872,1.245,0.799,1.023,0.259,0.789,0.17,1.947,1
5.871,1.267,0.884,1.073,0.495,0.655,0.036,1.486,1
5.797,0.919,0.831,0.824,0.513,0.894,0.092,2.213,1
5.778,0.988,0.881,0.828,0.395,0.844,0.15,2.029,1
5.747,0.731,0.803,0.662,0.574,0.823,0.138,2.426,1
5.693,0.617,0.689,0.47,0.405,0.746,0.229,2.977,1
5.692,0.898,0.899,0.736,0.587,0.835,0.204,1.834,1
5.689,0.983,0.882,0.742,0.563,0.756,0.112,1.844,1
5.674,0.918,0.829,0.814,0.305,0.934,0.264,2.167,1
5.608,0.708,0.843,0.713,0.39,0.913,0.174,2.371,1
5.556,0.475,0.835,0.681,0.521,0.592,0.182,2.257,1
5.546,1.01,0.855,0.839,0.303,0.783,0.149,1.881,1
5.546,1.127,0.903,0.68,0.399,0.865,0.099,1.816,1
5.542,0.513,0.887,0.681,0.615,0.888,0.301,2.06,1
5.54,1.019,0.907,0.753,0.291,0.636,0.09,1.807,1
5.536,1.213,0.82,1.026,0.478,0.626,0.199,1.237,1
5.515,1.128,0.814,0.979,0.174,0.86,0.0,2.016,1
5.51,1.377,0.846,1.137,0.459,0.421,0.288,0.673,1
5.505,1.109,0.875,0.901,0.381,0.916,0.114,1.676,1
5.489,1.022,0.826,0.616,0.451,0.669,0.143,1.889,1
5.456,0.905,0.937,0.616,0.356,0.864,0.264,1.811,1
5.384,1.168,0.817,0.789,0.597,0.839,0.275,1.319,0
5.353,0.718,0.85,0.819,0.651,0.796,0.136,1.686,0
5.286,0.892,0.808,0.61,0.568,0.876,0.543,1.48,0
5.233,0.537,0.658,0.155,0.397,0.791,0.17,3.081,0
5.216,0.366,0.469,0.328,0.406,0.741,0.197,3.441,0
5.198,0.938,0.913,0.914,0.548,0.824,0.224,1.099,0
5.194,0.634,0.64,0.458,0.387,0.752,0.117,2.723,0
5.165,0.99,0.819,0.731,0.468,0.553,0.04,1.508,0
5.16,0.935,0.82,0.803,0.41,0.897,0.186,1.618,0
5.148,0.576,0.729,0.432,0.477,0.848,0.261,2.378,0
5.137,0.444,0.786,0.669,0.481,0.738,0.301,2.014,0
5.132,1.127,0.826,0.781,0.254,0.748,0.086,1.565,0
5.124,0.991,0.799,0.867,0.602,0.754,0.079,1.336,0
5.119,1.009,0.959,0.612,0.515,0.884,0.323,1.115,0
5.102,1.047,0.938,0.778,0.418,0.936,0.104,1.295,0
5.095,0.759,0.593,0.745,0.45,0.816,0.04,2.378,0
5.085,0.504,0.7,0.27,0.439,0.851,0.198,2.719,0
5.053,0.77,0.89,0.767,0.272,0.837,0.087,1.745,0
5.005,0.944,0.803,0.745,0.084,0.735,0.119,1.841,0
4.981,0.504,0.724,0.518,0.352,0.809,0.164,2.405,0
4.949,0.39,0.638,0.334,0.372,0.762,0.249,2.741,0
4.91,0.108,0.617,0.299,0.435,0.723,0.208,3.018,0
4.889,0.715,0.738,0.486,0.612,0.635,0.273,1.621,0
4.883,0.907,0.671,0.846,0.462,0.896,0.171,1.641,0
4.848,0.545,0.773,0.588,0.675,0.823,0.233,1.663,0
4.833,0.556,0.687,0.695,0.604,0.662,0.177,1.755,0
4.829,0.988,0.788,0.523,0.369,0.849,0.052,1.735,0
4.814,0.902,0.853,0.407,0.435,0.843,0.126,1.625,0
4.785,0.982,0.748,0.529,0.284,0.822,0.153,1.752,0
4.772,0.889,0.824,0.789,0.186,0.902,0.159,1.536,0
4.769,0.302,0.713,0.313,0.322,0.74,0.186,2.589,0
4.751,0.257,0.693,0.353,0.403,0.691,0.426,2.27,0
4.729,0.352,0.731,0.235,0.378,0.839,0.17,2.559,0
4.724,0.646,0.737,0.168,0.435,0.862,0.221,2.22,0
4.677,0.808,0.757,0.776,0.378,0.774,0.107,1.468,0
4.673,0.847,0.629,0.695,0.485,0.666,0.048,1.692,0
4.672,1.029,0.695,0.749,0.301,0.715,0.277,1.287,0
4.633,0.785,0.802,0.778,0.425,0.7,0.091,1.262,0
4.624,0.179,0.724,0.324,0.561,0.683,0.22,2.221,0
4.583,0.476,0.703,0.536,0.519,0.831,0.394,1.685,0
4.571,0.84,0.847,0.407,0.445,0.851,0.076,1.503,0
4.561,0.78,0.879,0.699,0.319,0.921,0.179,1.253,0
4.558,0.174,0.709,0.392,0.406,0.856,0.227,2.387,0
4.553,0.588,0.825,0.614,0.299,0.824,0.092,1.694,0
4.432,0.312,0.765,0.378,0.402,0.837,0.265,1.959,0
4.423,0.302,0.632,0.109,0.229,0.803,0.211,2.747,0
4.392,0.875,0.689,0.781,0.236,0.868,0.056,1.528,0
4.375,0.54,0.791,0.425,0.186,0.746,0.129,1.86,0
4.327,0.898,0.825,0.792,0.529,0.859,0.253,0.611,0
4.311,0.062,0.672,0.277,0.365,0.809,0.254,2.438,0
4.308,0.828,0.77,0.216,0.3,0.708,0.067,1.686,0
4.308,0.678,0.784,0.495,0.597,0.645,0.57,0.681,0
4.289,0.416,0.626,0.437,0.181,0.781,0.259,2.173,0
4.187,0.268,0.551,0.343,0.304,0.758,0.201,2.41,0
4.186,0.315,0.743,0.484,0.413,0.754,0.228,1.628,0
4.166,0.245,0.668,0.501,0.193,0.817,0.191,2.136,0
4.151,0.875,0.735,0.597,0.374,0.788,0.069,1.159,0
3.926,0.241,0.636,0.204,0.382,0.861,0.258,2.046,0
3.775,0.0,0.49,0.295,0.275,0.607,0.187,2.402,0
3.759,0.537,0.699,0.364,0.491,0.801,0.251,1.134,0
3.721,0.285,0.593,0.374,0.169,0.685,0.464,1.62,0
3.653,0.455,0.78,0.101,0.409,0.857,0.103,1.446,0
3.573,0.731,0.592,0.541,0.581,0.772,0.237,0.734,0
3.538,0.177,0.544,0.446,0.487,0.732,0.213,1.553,0
3.527,0.393,0.818,0.415,0.244,0.8,0.095,1.116,0
3.479,0.998,0.779,0.494,0.509,0.778,0.033,0.257,0
3.476,0.457,0.689,0.443,0.509,0.62,0.272,0.719,0
3.476,0.041,0.319,0.0,0.293,0.892,0.254,2.86,0
3.312,0.343,0.541,0.572,0.604,0.184,0.236,0.548,0
3.299,0.426,0.763,0.375,0.377,0.81,0.151,0.841,0
2.817,0.289,0.554,0.209,0.066,0.763,0.21,1.379,0
2.567,0.301,0.47,0.266,0.0,0.934,0.135,1.507,0
7.842,1.446,0.954,0.741,0.949,0.186,0.124,3.253,1
7.62,1.502,0.954,0.763,0.946,0.179,0.208,2.868,1
7.571,1.566,0.942,0.816,0.919,0.292,0.204,2.839,1
7.554,1.482,0.983,0.772,0.955,0.673,0.293,2.967,1
7.464,1.501,0.942,0.753,0.913,0.338,0.302,2.798,1
7.392,1.543,0.954,0.782,0.96,0.27,0.249,2.58,1
7.363,1.478,0.934,0.763,0.945,0.237,0.244,2.683,1
7.324,1.751,0.908,0.76,0.907,0.386,0.166,2.653,1
7.277,1.4,0.948,0.785,0.929,0.242,0.276,2.612,1
7.268,1.492,0.934,0.782,0.908,0.481,0.215,2.784,1
7.183,1.453,0.94,0.801,0.914,0.442,0.291,2.598,1
7.157,1.376,0.939,0.788,0.8,0.753,0.208,3.083,1
7.155,1.48,0.903,0.757,0.875,0.46,0.195,2.824,1
7.103,1.447,0.926,0.798,0.915,0.415,0.246,2.585,1
7.085,1.644,0.947,0.753,0.879,0.363,0.238,2.384,1
7.069,1.134,0.891,0.722,0.934,0.809,0.105,3.387,1
7.064,1.423,0.934,0.757,0.859,0.459,0.34,2.596,1
6.965,1.37,0.947,0.703,0.858,0.868,0.052,3.124,1
6.951,1.533,0.92,0.621,0.837,0.698,0.252,2.807,1
6.834,1.463,0.906,0.747,0.783,0.646,0.088,2.862,1
6.69,1.421,0.942,0.804,0.822,0.571,0.092,2.521,1
6.647,1.409,0.862,0.662,0.925,0.722,0.246,2.631,1
6.602,1.411,0.931,0.747,0.927,0.653,0.275,2.268,1
6.584,1.48,0.898,0.665,0.784,0.721,0.142,2.687,1
6.561,1.555,0.844,0.594,0.932,0.589,0.236,2.422,1
6.494,1.435,0.891,0.571,0.877,0.684,0.09,2.668,1
6.491,1.375,0.932,0.826,0.761,0.745,0.135,2.513,1
6.483,1.393,0.88,0.798,0.693,0.866,0.133,2.794,1
6.461,1.36,0.948,0.722,0.949,0.806,0.122,2.388,1
6.435,0.845,0.813,0.519,0.906,0.775,0.163,3.375,1
6.431,1.164,0.925,0.649,0.896,0.59,0.128,2.6,1
6.377,1.695,0.915,0.897,0.927,0.082,0.176,1.379,1
6.372,0.937,0.821,0.483,0.869,0.917,0.356,3.182,1
6.331,1.304,0.936,0.653,0.766,0.911,0.107,2.714,1
6.33,1.028,0.882,0.571,0.804,0.756,0.142,3.015,1
6.317,1.126,0.831,0.634,0.862,0.799,0.092,2.961,1
6.309,0.891,0.877,0.599,0.89,0.884,0.099,3.135,1
6.255,1.35,0.935,0.612,0.773,0.826,0.056,2.624,1
6.223,1.377,0.802,0.801,0.763,0.844,0.178,2.578,1
6.189,1.344,0.941,0.64,0.909,0.527,0.119,2.103,1
6.18,1.298,0.896,0.667,0.872,0.856,0.079,2.509,1
6.179,0.769,0.918,0.528,0.97,0.515,0.391,2.477,1
6.172,1.2,0.882,0.678,0.742,0.83,0.159,2.682,1
6.166,1.309,0.898,0.668,0.841,0.735,0.08,2.438,1
6.152,1.23,0.952,0.527,0.853,0.733,0.143,2.446,1
6.14,1.275,0.832,0.595,0.845,0.938,0.045,2.83,1
6.106,1.461,0.843,0.58,0.867,0.736,0.12,2.368,1
6.078,1.101,0.873,0.634,0.778,0.835,0.189,2.682,1
6.061,0.845,0.762,0.565,0.888,0.688,0.116,3.085,1
6.049,1.178,0.905,0.574,0.867,0.789,0.153,2.462,1
6.032,1.285,0.927,0.587,0.715,0.8,0.082,2.536,1
6.012,1.021,0.847,0.615,0.837,0.841,0.1,2.794,1
5.992,1.301,0.943,0.615,0.755,0.876,0.067,2.432,1
5.985,1.107,0.888,0.596,0.884,0.895,0.375,2.309,1
5.972,0.693,0.864,0.604,0.836,0.664,0.201,2.841,1
5.94,1.389,0.884,0.838,0.796,0.638,0.02,2.048,1
5.929,1.162,0.898,0.646,0.828,0.834,0.069,2.461,1
5.929,1.323,0.879,0.76,0.892,0.887,0.029,2.225,1
5.919,0.703,0.812,0.593,0.857,0.809,0.241,2.934,1
5.882,1.251,0.924,0.703,0.754,0.939,0.111,2.325,1
5.88,0.853,0.83,0.426,0.917,0.742,0.125,2.872,1
5.845,1.403,0.799,0.801,0.672,0.727,0.134,2.262,1
5.84,0.986,0.832,0.623,0.822,0.891,0.087,2.744,1
5.813,1.032,0.87,0.618,0.706,0.931,0.261,2.583,1
5.766,0.985,0.857,0.542,0.822,0.918,0.137,2.665,1
5.764,0.935,0.821,0.64,0.842,0.843,0.107,2.653,1
5.744,0.665,0.893,0.501,0.935,0.908,0.266,2.648,1
5.723,1.273,0.823,0.76,0.582,0.823,0.0,2.561,1
5.716,0.842,0.81,0.486,0.875,0.839,0.138,2.805,1
5.677,0.966,0.935,0.442,0.708,0.856,0.263,2.492,1
5.653,0.983,0.893,0.549,0.876,0.882,0.206,2.306,1
5.581,1.155,0.858,0.637,0.708,0.812,0.166,2.254,1
5.545,1.106,0.853,0.555,0.86,0.714,0.101,2.178,1
5.536,1.377,0.82,0.801,0.795,0.626,0.196,1.653,1
5.534,1.124,0.91,0.56,0.65,0.627,0.07,2.247,1
5.477,1.241,0.903,0.511,0.718,0.845,0.115,2.148,1
5.477,1.525,0.836,0.893,0.717,0.403,0.232,1.236,1
5.466,0.508,0.86,0.498,0.832,0.553,0.152,2.619,1
5.411,0.817,0.85,0.616,0.94,0.796,0.124,2.211,0
5.41,1.044,0.827,0.435,0.771,0.667,0.131,2.331,0
5.384,1.259,0.817,0.587,0.895,0.839,0.27,1.784,0
5.345,0.954,0.811,0.433,0.873,0.867,0.541,1.987,0
5.342,0.518,0.636,0.307,0.695,0.745,0.144,3.476,0
5.339,1.061,0.811,0.665,0.904,0.755,0.093,1.982,0
5.306,0.669,0.644,0.052,0.741,0.794,0.177,3.469,0
5.283,0.996,0.799,0.585,0.825,0.629,0.079,2.127,0
5.269,0.519,0.774,0.496,0.782,0.727,0.287,2.642,0
5.266,1.181,0.931,0.583,0.788,0.932,0.125,1.823,0
5.198,1.115,0.913,0.697,0.854,0.825,0.204,1.52,0
5.171,1.025,0.836,0.541,0.814,0.506,0.043,1.919,0
5.142,0.543,0.71,0.159,0.731,0.848,0.205,3.195,0
5.132,0.518,0.71,0.357,0.695,0.801,0.158,3.071,0
5.117,1.008,0.697,0.646,0.785,0.901,0.168,2.25,0
5.101,1.068,0.805,0.535,0.751,0.905,0.212,2.042,0
5.088,0.68,0.727,0.287,0.807,0.848,0.268,2.684,0
5.074,0.162,0.641,0.167,0.806,0.693,0.2,3.47,0
5.066,1.046,0.983,0.439,0.877,0.888,0.366,1.409,0
5.051,0.367,0.69,0.21,0.697,0.746,0.465,2.99,0
5.045,0.507,0.489,0.196,0.757,0.661,0.166,3.482,0
5.03,0.808,0.728,0.33,0.91,0.658,0.268,2.204,0
5.025,0.635,0.693,0.514,0.877,0.682,0.161,2.427,0
4.984,0.42,0.639,0.206,0.697,0.766,0.25,3.216,0
4.956,0.967,0.86,0.265,0.749,0.86,0.144,2.187,0
4.948,1.26,0.822,0.59,0.576,0.776,0.097,1.852,0
4.934,0.637,0.651,0.322,0.726,0.787,0.252,2.784,0
4.918,0.792,0.56,0.558,0.774,0.801,0.034,2.749,0
4.892,0.852,0.861,0.574,0.615,0.827,0.078,2.135,0
4.891,1.03,0.671,0.498,0.783,0.655,0.032,2.191,0
4.887,0.946,0.802,0.552,0.48,0.752,0.144,2.242,0
4.875,0.979,0.888,0.517,0.724,0.924,0.181,1.813,0
4.854,0.91,0.746,0.381,0.63,0.875,0.153,2.429,0
4.852,1.037,0.776,0.362,0.731,0.84,0.058,2.201,0
4.834,0.364,0.672,0.179,0.695,0.748,0.182,3.133,0
4.83,0.603,0.765,0.426,0.959,0.843,0.21,2.148,0
4.794,0.183,0.744,0.196,0.882,0.684,0.228,2.783,0
4.759,0.663,0.74,0.051,0.737,0.878,0.212,2.736,0
4.723,0.387,0.724,0.11,0.697,0.827,0.164,3.016,0
4.721,1.03,0.71,0.561,0.608,0.714,0.33,1.823,0
4.636,0.364,0.781,0.24,0.709,0.855,0.267,2.596,0
4.625,0.228,0.72,0.253,0.735,0.85,0.221,2.857,0
4.607,0.603,0.688,0.385,0.779,0.825,0.375,2.18,0
4.596,0.919,0.691,0.59,0.656,0.87,0.057,2.138,0
4.584,1.045,0.848,0.595,0.525,0.898,0.14,1.736,0
4.574,0.882,0.818,0.262,0.719,0.847,0.091,2.068,0
4.517,0.646,0.826,0.434,0.653,0.821,0.082,2.131,0
4.426,0.666,0.779,0.341,0.876,0.66,0.52,1.407,0
4.395,0.89,0.767,0.583,0.755,0.705,0.079,1.553,0
4.355,0.255,0.619,0.0,0.579,0.807,0.215,3.209,0
4.325,0.99,0.827,0.593,0.841,0.863,0.239,1.075,0
4.308,0.849,0.77,0.074,0.647,0.708,0.067,2.155,0
4.289,0.488,0.626,0.279,0.548,0.781,0.241,2.61,0
4.283,0.954,0.75,0.426,0.749,0.795,0.069,1.648,0
4.275,0.37,0.764,0.331,0.752,0.761,0.241,2.089,0
4.227,0.666,0.795,0.273,0.561,0.731,0.119,2.069,0
4.208,0.266,0.686,0.341,0.552,0.803,0.185,2.62,0
4.107,0.254,0.569,0.203,0.619,0.772,0.209,2.806,0
4.073,0.528,0.708,0.231,0.782,0.823,0.227,1.975,0
3.849,0.279,0.63,0.1,0.717,0.866,0.243,2.396,0
3.819,0.741,0.603,0.383,0.893,0.774,0.246,1.405,0
3.775,0.0,0.49,0.155,0.626,0.607,0.172,2.876,0
3.658,0.329,0.832,0.272,0.602,0.8,0.092,1.776,0
3.623,0.433,0.702,0.3,0.833,0.577,0.307,1.263,0
3.615,0.294,0.54,0.227,0.593,0.721,0.463,2.06,0
3.6,0.113,0.537,0.298,0.78,0.729,0.213,2.19,0
3.512,0.451,0.787,0.007,0.715,0.915,0.103,1.8,0
3.467,1.099,0.784,0.34,0.824,0.801,0.027,0.648,0
3.415,0.364,0.552,0.407,0.897,0.167,0.227,1.095,0
3.145,0.457,0.75,0.243,0.677,0.821,0.157,1.205,0
2.523,0.37,0.463,0.126,0.382,0.924,0.122,1.895,0
7.821,1.892,1.258,0.775,0.736,0.534,0.109,2.518,1
7.636,1.953,1.243,0.777,0.719,0.532,0.188,2.226,1
7.557,1.936,1.32,0.803,0.718,0.191,0.27,2.32,1
7.512,2.026,1.226,0.822,0.677,0.461,0.147,2.153,1
7.415,1.945,1.206,0.787,0.651,0.419,0.271,2.137,1
7.404,2.209,1.155,0.79,0.7,0.388,0.12,2.042,1
7.384,1.92,1.204,0.803,0.724,0.512,0.218,2.003,1
7.365,1.997,1.239,0.786,0.728,0.474,0.217,1.925,1
7.364,1.826,1.221,0.818,0.568,0.143,0.155,2.634,1
7.2,1.852,1.235,0.752,0.68,0.483,0.245,1.954,1
7.163,1.931,1.165,0.774,0.623,0.329,0.193,2.148,1
7.162,1.9,1.203,0.772,0.676,0.341,0.258,2.011,1
7.041,2.129,1.166,0.779,0.627,0.408,0.19,1.743,1
7.034,1.924,1.088,0.776,0.585,0.358,0.163,2.142,1
7.025,1.886,1.188,0.783,0.659,0.368,0.217,1.924,1
6.977,1.982,1.182,0.628,0.574,0.177,0.22,2.214,1
6.943,1.867,1.143,0.75,0.597,0.329,0.289,1.967,1
6.92,1.815,1.26,0.715,0.66,0.048,0.158,2.263,1
6.805,1.907,1.106,0.764,0.492,0.204,0.049,2.283,1
6.687,1.863,1.219,0.808,0.567,0.266,0.07,1.895,1
6.647,1.854,1.029,0.625,0.693,0.155,0.199,2.092,1
6.63,1.81,1.249,0.769,0.685,0.115,0.118,1.885,1
6.582,1.584,1.054,0.744,0.661,0.102,0.089,2.346,1
6.576,1.998,0.98,0.633,0.702,0.25,0.204,1.809,1
6.523,1.87,1.092,0.577,0.651,0.18,0.078,2.075,1
6.512,1.897,1.095,0.733,0.542,0.168,0.075,2.002,1
6.48,2.149,1.127,0.851,0.672,0.587,0.163,0.932,1
6.477,1.719,1.006,0.655,0.605,0.006,0.039,2.446,1
6.476,1.808,1.211,0.808,0.505,0.149,0.101,1.893,1
6.474,1.615,1.18,0.672,0.665,0.265,0.103,1.974,1
6.467,1.834,1.052,0.801,0.412,0.059,0.085,2.222,1
6.455,1.362,0.949,0.569,0.599,0.035,0.309,2.631,1
6.447,1.838,1.169,0.789,0.679,0.166,0.174,1.631,1
6.446,1.804,1.204,0.659,0.496,0.077,0.053,2.153,1
6.391,1.736,1.232,0.707,0.479,0.025,0.118,2.094,1
6.341,1.793,1.232,0.728,0.689,0.333,0.123,1.442,1
6.309,1.715,1.107,0.709,0.592,0.051,0.049,2.086,1
6.293,1.462,1.044,0.615,0.546,0.134,0.131,2.361,1
6.262,1.274,0.831,0.522,0.662,0.115,0.112,2.746,1
6.234,1.668,1.22,0.611,0.584,0.157,0.134,1.86,1
6.221,1.815,0.909,0.819,0.448,0.062,0.123,2.044,1
6.18,1.732,1.221,0.637,0.502,0.09,0.075,1.923,1
6.178,1.55,1.086,0.658,0.546,0.088,0.219,2.031,1
6.172,1.651,1.08,0.748,0.46,0.069,0.124,2.04,1
6.165,1.105,1.029,0.617,0.617,0.212,0.168,2.418,1
6.128,1.552,0.886,0.623,0.621,0.115,0.092,2.239,1
6.125,1.705,1.183,0.709,0.535,0.0,0.109,1.884,1
6.123,1.758,1.174,0.712,0.523,0.14,0.124,1.693,1
6.12,1.265,0.768,0.607,0.666,0.212,0.089,2.514,1
6.106,1.904,0.983,0.747,0.617,0.147,0.087,1.621,1
6.086,1.748,1.233,0.668,0.485,0.064,0.078,1.812,1
6.071,1.591,1.116,0.568,0.589,0.107,0.131,1.969,1
6.063,1.219,1.092,0.6,0.716,0.24,0.283,1.913,1
6.039,1.835,1.089,0.866,0.537,0.218,0.007,1.487,1
6.022,1.111,0.885,0.555,0.582,0.076,0.202,2.611,1
6.016,1.76,1.078,0.777,0.655,0.039,0.016,1.691,1
5.967,1.592,1.102,0.662,0.555,0.085,0.081,1.891,1
5.948,1.703,0.98,0.774,0.249,0.108,0.015,2.119,1
5.935,1.851,0.886,0.841,0.414,0.176,0.111,1.656,1
5.904,1.268,0.912,0.514,0.678,0.142,0.107,2.283,1
5.891,1.535,1.096,0.697,0.617,0.026,0.321,1.6,1
5.857,1.417,1.008,0.597,0.561,0.028,0.102,2.142,1
5.85,1.296,1.045,0.646,0.567,0.053,0.08,2.164,1
5.828,1.069,1.109,0.638,0.693,0.025,0.208,2.087,1
5.821,1.562,1.157,0.629,0.342,0.282,0.04,1.811,1
5.781,1.452,0.929,0.72,0.545,0.077,0.087,1.971,1
5.768,1.468,1.068,0.665,0.448,0.006,0.244,1.869,1
5.761,1.393,1.197,0.467,0.398,0.059,0.247,1.999,1
5.737,1.538,1.003,0.577,0.606,0.179,0.084,1.751,1
5.711,1.689,0.938,0.62,0.654,0.126,0.213,1.471,1
5.6,1.256,0.88,0.555,0.627,0.064,0.112,2.107,1
5.585,1.508,0.958,0.705,0.656,0.142,0.099,1.516,1
5.578,1.409,1.13,0.624,0.629,0.059,0.171,1.555,1
5.559,1.397,0.865,0.735,0.545,0.037,0.09,1.89,1
5.547,1.573,1.023,0.659,0.46,0.077,0.135,1.619,1
5.533,1.352,0.879,0.708,0.565,0.083,0.08,1.866,1
5.485,1.252,0.932,0.611,0.707,0.105,0.143,1.735,1
5.474,1.484,1.319,0.516,0.649,0.032,0.314,1.16,1
5.467,1.815,0.888,0.819,0.523,0.213,0.13,1.078,1
5.459,1.685,1.095,0.586,0.401,0.08,0.117,1.494,1
5.425,1.957,0.954,0.942,0.4,0.383,0.147,0.642,0
5.399,1.434,0.82,0.668,0.558,0.21,0.054,1.654,0
5.377,0.966,1.005,0.518,0.572,0.304,0.118,1.895,0
5.377,0.984,0.784,0.499,0.519,0.13,0.237,2.224,0
5.371,1.625,1.163,0.64,0.563,0.021,0.123,1.235,0
5.33,1.476,0.943,0.606,0.477,0.179,0.106,1.544,0
5.24,1.382,0.883,0.539,0.62,0.047,0.468,1.3,0
5.235,1.094,0.442,0.322,0.451,0.124,0.149,2.652,0
5.199,1.505,0.863,0.637,0.488,0.031,0.215,1.461,0
5.199,1.439,0.646,0.719,0.511,0.028,0.138,1.718,0
5.194,1.425,1.088,0.361,0.442,0.046,0.089,1.742,0
5.173,1.458,1.093,0.56,0.601,0.341,0.023,1.098,0
5.164,0.785,0.621,0.369,0.367,0.103,0.388,2.531,0
5.155,1.06,0.614,0.581,0.622,0.187,0.125,1.967,0
5.14,1.239,0.654,0.479,0.679,0.184,0.197,1.709,0
5.122,1.363,0.97,0.643,0.146,0.15,0.106,1.744,0
5.122,0.636,0.67,0.309,0.405,0.08,0.178,2.844,0
5.084,1.411,1.081,0.583,0.473,0.017,0.188,1.331,0
5.075,0.95,0.405,0.355,0.431,0.146,0.13,2.658,0
5.06,1.208,0.268,0.565,0.492,0.102,0.02,2.405,0
5.048,0.578,0.66,0.191,0.593,0.2,0.185,2.641,0
5.048,0.968,0.672,0.317,0.397,0.074,0.152,2.469,0
5.046,0.933,0.53,0.447,0.494,0.081,0.143,2.419,0
5.003,0.57,0.56,0.326,0.571,0.145,0.165,2.667,0
4.973,1.467,0.612,0.595,0.508,0.208,0.0,1.583,0
4.958,1.459,0.738,0.396,0.343,0.099,0.032,1.892,0
4.941,1.289,0.682,0.554,0.328,0.046,0.147,1.894,0
4.925,0.0,0.968,0.578,0.283,0.082,0.225,2.79,0
4.891,0.848,0.566,0.275,0.334,0.116,0.214,2.538,0
4.888,1.41,0.741,0.642,0.281,0.146,0.241,1.427,0
4.872,1.112,0.595,0.409,0.5,0.056,0.23,1.972,0
4.744,1.707,0.865,0.702,0.209,0.115,0.087,1.059,0
4.67,0.779,0.565,0.32,0.382,0.126,0.186,2.313,0
4.64,1.019,0.732,0.505,0.74,0.068,0.166,1.41,0
4.623,0.932,0.064,0.335,0.479,0.23,0.127,2.458,0
4.609,0.899,0.476,0.424,0.185,0.125,0.195,2.304,0
4.603,0.777,0.875,0.418,0.402,0.066,0.222,1.842,0
4.552,1.079,0.732,0.3,0.444,0.038,0.175,1.784,0
4.543,1.032,0.605,0.401,0.44,0.082,0.322,1.661,0
4.516,1.35,0.596,0.656,0.316,0.029,0.029,1.54,0
4.516,1.049,0.413,0.374,0.448,0.112,0.181,1.94,0
4.483,1.148,0.957,0.521,0.336,0.079,0.073,1.368,0
4.479,0.792,0.483,0.311,0.35,0.042,0.128,2.373,0
4.459,1.292,0.877,0.354,0.384,0.071,0.067,1.414,0
4.396,1.274,0.786,0.197,0.259,0.154,0.038,1.688,0
4.394,1.038,0.829,0.491,0.513,0.194,0.452,0.877,0
4.362,1.415,0.934,0.66,0.529,0.079,0.15,0.595,0
4.339,0.67,0.645,0.378,0.202,0.154,0.143,2.148,0
4.288,1.388,0.732,0.548,0.469,0.254,0.041,0.856,0
4.251,0.662,0.506,0.225,0.18,0.077,0.182,2.419,0
4.241,0.788,0.809,0.457,0.472,0.136,0.205,1.375,0
4.197,0.691,1.043,0.384,0.33,0.098,0.09,1.561,0
4.153,1.1,0.865,0.45,0.304,0.138,0.088,1.207,0
4.152,1.324,0.724,0.675,0.476,0.2,0.058,0.695,0
4.112,0.771,0.322,0.36,0.292,0.132,0.174,2.061,0
3.777,1.167,0.376,0.471,0.647,0.123,0.198,0.795,0
3.76,0.93,0.577,0.306,0.525,0.083,0.203,1.135,0
3.75,0.648,0.279,0.388,0.477,0.157,0.14,1.661,0
3.702,0.848,0.597,0.425,0.578,0.27,0.248,0.735,0
3.574,0.686,0.416,0.273,0.387,0.055,0.202,1.556,0
3.512,0.839,0.848,0.0,0.419,0.018,0.076,1.312,0
3.471,1.503,0.815,0.28,0.571,0.102,0.012,0.187,0
3.268,0.785,0.133,0.462,0.621,0.544,0.187,0.536,0
2.995,0.947,0.69,0.27,0.329,0.105,0.106,0.548,0
2.955,1.392,0.498,0.631,0.103,0.034,0.082,0.216,0
2.404,0.758,0.0,0.289,0.0,0.005,0.089,1.263,0
7.804,1.888,0.969,0.535,0.961,0.182,0.126,2.363,1
7.586,1.949,0.954,0.537,0.934,0.196,0.208,2.084,1
7.53,1.926,0.983,0.559,0.936,0.668,0.25,2.25,1
7.473,1.833,0.943,0.577,0.809,0.708,0.124,2.691,1
7.403,1.942,0.93,0.545,0.887,0.379,0.251,2.11,1
7.395,1.921,0.939,0.562,0.948,0.202,0.225,1.903,1
7.315,1.994,0.943,0.544,0.947,0.283,0.212,1.829,1
7.24,2.022,0.92,0.582,0.891,0.266,0.151,1.87,1
7.228,2.2,0.879,0.549,0.915,0.345,0.149,1.845,1
7.123,1.842,0.952,0.513,0.887,0.271,0.23,1.852,1
7.097,1.927,0.888,0.535,0.855,0.497,0.191,2.124,1
7.095,1.899,0.934,0.532,0.89,0.496,0.242,1.938,1
6.961,1.881,0.929,0.541,0.874,0.42,0.218,1.815,1
6.911,2.152,0.905,0.539,0.874,0.358,0.186,1.545,1
6.894,1.98,0.919,0.39,0.8,0.689,0.21,2.124,1
6.892,1.919,0.896,0.539,0.846,0.42,0.153,1.898,1
6.859,1.907,0.915,0.528,0.825,0.549,0.137,1.976,1
6.845,1.823,0.953,0.477,0.903,0.859,0.158,2.099,1
6.796,1.857,0.882,0.511,0.852,0.454,0.272,1.822,1
6.763,1.808,0.939,0.432,0.748,0.805,0.059,2.377,1
6.661,1.856,0.909,0.566,0.819,0.553,0.083,1.872,1
6.65,1.815,0.951,0.532,0.913,0.771,0.144,1.799,1
6.609,1.587,0.872,0.503,0.895,0.768,0.099,2.281,1
6.589,1.726,0.848,0.423,0.856,0.929,0.044,2.485,1
6.587,2.168,0.878,0.607,0.878,0.146,0.17,1.067,1
6.571,2.015,0.826,0.401,0.942,0.584,0.188,1.752,1
6.535,1.89,0.884,0.492,0.804,0.681,0.067,1.974,1
6.494,1.617,0.913,0.435,0.895,0.575,0.102,1.958,1
6.469,1.731,0.953,0.472,0.753,0.898,0.128,2.078,1
6.463,1.861,0.884,0.351,0.894,0.691,0.093,1.936,1
6.455,1.798,0.946,0.494,0.929,0.409,0.153,1.383,1
6.436,1.798,0.932,0.567,0.782,0.711,0.101,1.789,1
6.405,1.832,0.882,0.559,0.711,0.842,0.097,2.052,1
6.368,1.374,0.844,0.372,0.861,0.866,0.275,2.393,1
6.334,1.645,0.889,0.511,0.792,0.823,0.131,2.04,1
6.33,1.55,0.804,0.389,0.856,0.768,0.086,2.389,1
6.3,1.841,0.923,0.547,0.886,0.729,0.2,1.429,1
6.265,1.714,0.896,0.475,0.855,0.878,0.065,1.943,1
6.26,1.767,0.925,0.477,0.765,0.736,0.12,1.772,1
6.259,1.109,0.853,0.385,0.877,0.625,0.148,2.448,1
6.213,1.737,0.937,0.405,0.818,0.83,0.107,1.808,1
6.173,1.883,0.844,0.389,0.944,0.737,0.199,1.546,1
6.15,1.287,0.812,0.31,0.856,0.837,0.106,2.562,1
6.144,1.664,0.931,0.389,0.853,0.721,0.136,1.688,1
6.144,1.552,0.873,0.424,0.845,0.816,0.246,1.881,1
6.13,1.824,0.826,0.58,0.724,0.86,0.104,1.893,1
6.129,1.825,0.894,0.622,0.799,0.64,0.009,1.513,1
6.125,1.727,0.917,0.475,0.757,0.925,0.087,1.88,1
6.125,1.454,0.836,0.387,0.801,0.738,0.131,2.205,1
6.122,1.278,0.755,0.383,0.918,0.62,0.079,2.403,1
6.041,1.754,0.943,0.435,0.758,0.839,0.105,1.663,1
6.024,1.59,0.891,0.427,0.823,0.814,0.088,1.861,1
6.023,1.115,0.766,0.341,0.843,0.843,0.189,2.631,1
6.014,1.227,0.875,0.375,0.938,0.638,0.26,1.856,1
6.012,1.665,0.799,0.385,0.877,0.758,0.222,1.804,1
5.968,1.758,0.878,0.537,0.902,0.878,0.031,1.556,1
5.951,1.853,0.812,0.603,0.717,0.701,0.112,1.587,1
5.931,1.708,0.835,0.535,0.568,0.793,0.008,2.089,1
5.902,1.589,0.888,0.336,0.813,0.775,0.121,1.79,1
5.843,1.515,0.874,0.461,0.85,0.91,0.291,1.594,1
5.84,1.379,0.933,0.244,0.701,0.849,0.239,2.001,1
5.825,1.061,0.911,0.417,0.934,0.904,0.234,1.92,1
5.819,1.425,0.857,0.375,0.84,0.901,0.093,1.995,1
5.818,1.51,0.836,0.468,0.882,0.727,0.115,1.666,1
5.763,1.349,0.821,0.381,0.939,0.759,0.134,1.824,1
5.738,1.428,0.906,0.392,0.891,0.843,0.148,1.604,1
5.722,1.537,0.89,0.424,0.805,0.844,0.17,1.581,1
5.703,1.305,0.867,0.411,0.822,0.875,0.079,1.954,1
5.684,1.24,0.811,0.329,0.868,0.846,0.103,2.118,1
5.661,1.68,0.889,0.366,0.719,0.801,0.12,1.572,1
5.633,1.467,0.88,0.429,0.746,0.918,0.247,1.635,1
5.63,1.455,0.822,0.486,0.804,0.834,0.08,1.765,1
5.569,1.536,0.827,0.351,0.85,0.657,0.083,1.553,1
5.559,1.343,0.806,0.476,0.802,0.833,0.079,1.86,1
5.526,1.39,0.798,0.499,0.794,0.892,0.073,1.835,1
5.523,1.238,0.78,0.286,0.919,0.732,0.104,1.931,1
5.466,1.635,0.918,0.408,0.801,0.911,0.106,1.289,1
5.36,0.979,0.748,0.281,0.808,0.783,0.215,2.187,0
5.342,1.466,0.79,0.443,0.796,0.705,0.053,1.534,0
5.33,0.972,0.836,0.291,0.832,0.522,0.104,1.823,0
5.329,1.353,0.855,0.409,0.571,0.717,0.073,1.791,0
5.308,1.951,0.817,0.702,0.687,0.385,0.123,0.535,0
5.277,1.449,0.718,0.48,0.794,0.878,0.133,1.678,0
5.277,1.384,0.804,0.314,0.88,0.876,0.422,1.288,0
5.275,1.417,0.907,0.149,0.73,0.902,0.09,1.708,0
5.267,0.921,0.605,0.145,0.73,0.739,0.134,2.802,0
5.254,1.498,0.805,0.408,0.769,0.902,0.207,1.435,0
5.211,0.0,0.839,0.341,0.659,0.811,0.205,2.955,0
5.111,1.232,0.679,0.257,0.919,0.703,0.185,1.707,0
5.109,1.477,0.716,0.366,0.786,0.649,0.0,1.58,0
5.072,0.844,0.649,0.072,0.659,0.787,0.204,2.705,0
5.071,1.358,0.878,0.355,0.795,0.907,0.265,1.172,0
5.053,1.094,0.572,0.12,0.733,0.746,0.138,2.519,0
5.035,1.438,0.746,0.183,0.642,0.786,0.036,1.908,0
4.981,1.065,0.74,0.092,0.718,0.911,0.176,2.181,0
4.973,0.965,0.686,0.118,0.686,0.846,0.144,2.411,0
4.954,0.57,0.692,0.0,0.851,0.66,0.161,2.519,0
4.941,1.281,0.718,0.324,0.646,0.876,0.134,1.861,0
4.908,1.144,0.859,0.0,0.694,0.836,0.065,1.31,0
4.903,1.236,0.553,0.337,0.787,0.811,0.013,2.158,0
4.876,1.465,0.778,0.411,0.593,0.747,0.229,1.259,0
4.855,0.943,0.629,0.231,0.772,0.846,0.142,2.234,0
4.724,1.099,0.644,0.244,0.622,0.657,0.13,1.973,0
4.638,0.768,0.663,0.107,0.696,0.771,0.188,2.23,0
4.631,1.289,0.787,0.145,0.669,0.83,0.069,1.549,0
4.614,1.714,0.796,0.467,0.475,0.795,0.095,0.969,0
4.605,1.101,0.641,0.197,0.777,0.881,0.211,1.779,0
4.555,1.081,0.601,0.158,0.766,0.787,0.141,1.907,0
4.501,0.561,0.59,0.137,0.788,0.734,0.154,2.341,0
4.497,1.333,0.73,0.422,0.576,0.907,0.022,1.463,0
4.487,1.051,0.69,0.19,0.696,0.852,0.291,1.601,0
4.442,1.422,0.826,0.426,0.787,0.808,0.12,0.625,0
4.432,0.785,0.794,0.201,0.701,0.857,0.197,1.628,0
4.397,0.622,0.722,0.043,0.677,0.807,0.255,2.034,0
4.393,1.025,0.747,0.283,0.958,0.857,0.176,1.068,0
4.374,0.924,0.437,0.124,0.743,0.576,0.114,2.235,0
4.372,1.032,0.787,0.269,0.727,0.658,0.4,0.893,0
4.282,1.133,0.544,0.355,0.845,0.698,0.139,1.361,0
4.279,0.761,0.584,0.174,0.596,0.883,0.332,2.081,0
4.198,0.763,0.593,0.106,0.713,0.846,0.121,2.07,0
4.17,1.377,0.726,0.326,0.732,0.58,0.038,0.74,0
4.137,0.77,0.595,0.161,0.657,0.74,0.149,1.913,0
4.12,1.292,0.729,0.438,0.77,0.687,0.056,0.663,0
4.091,0.793,0.782,0.25,0.72,0.789,0.283,1.099,0
4.042,0.628,0.596,0.141,0.735,0.83,0.219,1.869,0
4.036,1.159,0.608,0.252,0.897,0.774,0.175,0.979,0
4.019,0.632,0.65,0.178,0.522,0.742,0.177,1.932,0
3.982,0.914,0.694,0.095,0.791,0.818,0.189,1.27,0
3.694,0.836,0.653,0.214,0.838,0.554,0.234,0.747,0
3.545,0.914,0.471,0.215,0.47,0.727,0.129,1.699,0
3.495,0.637,0.531,0.189,0.75,0.749,0.139,1.432,0
3.435,1.471,0.753,0.087,0.742,0.83,0.021,0.264,0
3.207,0.531,0.652,0.105,0.664,0.834,0.183,1.162,0
3.204,0.758,0.69,0.069,0.654,0.766,0.112,0.905,0
3.138,0.67,0.555,0.092,0.66,0.858,0.193,1.221,0
2.392,1.417,0.53,0.398,0.474,0.891,0.061,-0.11,0
1.859,0.645,0.341,0.087,0.382,0.847,0.093,0.976,0
